X,Y,Z
-0.067139,0.008301,0.984619
-0.067627,0.006348,0.976807
-0.062988,0.009277,0.972412
-0.137207,0.129883,0.953613
-0.202148,0.015869,0.966553
-0.077637,-0.010254,0.970947
-0.030029,0.035889,1.010986
0.14917,-0.033936,1.035645
0.109131,-0.015869,0.987061
0.020264,-0.000977,1.063721
0.032715,0.006836,0.995605
-0.044922,-0.04126,1.19458
-0.206787,0.039307,0.9104
-0.127686,0.062744,0.961914
-0.014404,-0.002441,0.980957
-0.093018,0.164795,1.049561
-0.003174,-0.030518,1.000488
-0.054443,-0.114258,0.910889
-0.114014,-0.115723,0.993896
-0.255615,-0.004639,0.95874
-0.287109,0.032715,1.097168
-0.142578,-0.028076,0.843018
0.044678,-0.150635,0.905762
0.136719,0.01709,1.0271
0.153809,0.000244,0.821777
0.197998,-0.03125,0.749756
-0.01123,0.069092,1.013184
-0.088623,0.010498,0.994873
-0.190674,0.032471,0.978516
-0.255615,0.016357,1.056641
-0.062744,0.010498,0.980225
-0.059082,0.007568,0.964355
-0.066406,0.010498,0.980225
-0.214355,-0.019775,1.039307
-0.215332,0.012695,1.030762
-0.211914,0.088623,0.828369
0.012207,-0.070557,0.915039
0.16626,-0.067383,0.958252
0.183105,-0.040771,1.023193
0.020752,0.018555,0.98584
-0.001221,0.014648,1.036865
-0.001709,-0.069092,0.846924
-0.179443,0.010986,0.856445
-0.060791,0.011719,0.959961
-0.094482,0.158936,0.9375
-0.005371,0.210205,0.996338
-0.051025,0.018066,1.043457
-0.0271,0.024658,1.037354
-0.063721,-0.230469,0.844971
-0.202637,-0.013916,1.078857
-0.355225,0.037354,1.034912
-0.070068,-0.07959,0.852295
0.109375,0.069336,1.188721
-0.06665,0.008789,0.976807
-0.050293,0.05957,1.224121
0.125488,-0.094238,0.705078
0.027588,-0.044189,0.893799
-0.065186,0.003174,0.904297
-0.292969,0.067139,1.015869
-0.171387,0.010986,0.991943
-0.063477,0.008789,0.974854
-0.068115,0.008301,0.979736
-0.066162,0.008789,0.979004
-0.286621,0.063721,0.923828
-0.217041,0.032959,0.911621
-0.118408,0.108398,1.134766
-0.111084,0.069824,0.821777
0.068359,-0.046387,1.032227
0.096924,-0.022949,1.037842
-0.025879,0.013916,0.983643
0.106201,0.009277,0.97168
-0.10083,0.058105,1.01709
-0.26709,0.017822,0.893066
-0.169922,0.09668,1.006836
-0.019531,0.180664,1.002197
0.019775,0.136719,1.027832
-0.126465,-0.186035,0.988281
-0.158691,-0.131836,0.954834
-0.188965,0.060547,0.97168
0.039062,-0.055908,0.914062
0.041992,0.041016,1.131836
0.152832,0.001465,0.992188
-0.013672,0.022705,1.29126
0.009766,-0.008789,1.07666
-0.093018,0.113525,1.07666
-0.298584,0.001709,1.128662
-0.150391,0.016113,0.937012
-0.203857,-0.027588,0.901611
-0.068359,0.015137,0.975586
-0.066406,0.012207,0.978271
-0.068359,0.009521,0.97583
-0.067627,0.011719,0.96875
-0.064209,0.009766,0.974121
-0.239258,-0.071777,0.966064
-0.24707,0.037842,0.977295
-0.212646,0.018555,0.812988
-0.091797,-0.075684,0.820801
0.035156,-0.050293,1.005615
-0.044189,0.001221,1.074463
0.109131,0.031494,0.968994
0.164307,-0.009521,0.979492
0.021729,0.03418,1.006836
0.022461,-0.018066,0.907471
-0.255615,0.008057,0.94165
-0.147461,0.033691,0.964844
-0.041992,0.043457,0.955566
-0.050537,0.084229,1.095947
-0.030029,0.060791,0.891846
-0.03833,0.063965,0.984131
-0.057129,-0.219238,0.875
-0.221924,-0.067139,0.944824
-0.256836,0.136475,1.11499
0.062988,-0.027832,0.750244
0.002197,0.010742,0.918457
0.060791,0.012695,1.054199
-0.064941,0.016846,0.973633
-0.05249,0.015381,1.210693
0.017822,0.027588,1.159912
-0.108887,0.058594,0.968506
-0.065186,0.021973,1.038086
-0.065186,0.011963,0.973877
-0.071777,0.018555,1.026855
-0.064941,0.014404,0.97998
-0.208008,-0.003174,0.993652
-0.257324,0.023193,0.801514
-0.084961,0.07959,0.911377
-0.016602,0.038086,1.072266
0.160645,-0.033691,0.9104
0.099609,-0.000244,1.050781
0.186768,-0.001709,1.046631
0.114502,0.02417,0.910156
-0.100342,0.052002,1.074707
-0.307617,0.116455,0.850586
-0.139404,0.105713,0.98291
-0.159912,0.185547,1.126465
-0.052246,0.104248,1.016113
0.084229,-0.093506,0.716797
-0.082031,-0.232178,1.063477
-0.168945,-0.000488,0.981445
-0.221191,0.061768,0.997559
-0.029297,-0.031738,0.870605
0.109619,0.022705,1.124268
0.052734,0.046143,0.986816
0.088135,0.008545,0.919922
0.115723,-0.025635,0.940918
-0.055664,0.000732,1.10083
-0.195312,0.009766,0.971436
-0.343506,0.04541,0.900146
-0.06665,0.01001,0.980469
-0.067139,0.012207,0.977783
-0.068848,0.006592,0.974609
-0.062744,0.006592,0.972412
-0.041504,-0.021729,0.970459
-0.378418,0.090088,0.95459
-0.19165,-0.069824,1.049561
0.145996,-0.05127,0.850098
0.177002,-0.034912,0.9021
0.159912,0.066406,1.105713
0.197021,0.063477,1.015137
-0.030273,0.017822,0.890625
0.200928,0.0354,0.833496
-0.229248,-0.007812,1.100342
-0.079834,-0.019043,0.9729
-0.08252,0.023438,0.969482
-0.056152,0.209961,1.094482
-0.054688,0.058105,1.057129
-0.005859,-0.104492,0.821533
-0.097168,-0.211426,1.030518
-0.147705,0.014893,0.979004
-0.132324,0.016602,1.077148
-0.183594,-0.014404,0.909424
0.236572,-0.031738,1.027588
0.065918,-0.057373,0.969727
0.074951,0.00415,0.919434
0.23584,0.10083,1.115967
-0.012695,0.073975,0.979248
-0.081543,-0.022949,0.837402
-0.254395,0.015869,0.989746
-0.166016,0.020752,0.980225
-0.062012,0.010742,0.973877
-0.063965,0.00708,0.97876
-0.066162,0.009521,0.978271
-0.068848,0.012451,0.976562
-0.10376,0.01709,0.9729
-0.19043,0.009277,1.091064
-0.072266,-0.021484,0.831299
-0.054443,-0.052002,0.965088
0.183594,0.017334,1.028809
0.21875,-0.033691,0.922607
0.146729,0.037842,1.091797
0.115234,0.0354,0.864746
0.118408,-0.087158,0.604004
-0.385742,0.109375,1.187256
-0.052246,0.053711,0.946777
-0.075195,0.123535,0.956055
-0.104004,0.076904,0.867676
0.015137,-0.140137,0.86792
-0.142334,-0.191406,0.998535
-0.157715,0.044434,0.906006
-0.164062,-0.031006,1.006348
0.09668,-0.107422,1.051514
0.023682,-0.016113,1.213867
0.124512,0.062012,1.083496
0.096924,0.041992,0.981689
-0.07251,-0.059326,0.988525
-0.07251,0.018311,0.843018
-0.10498,0.094971,1.037109
-0.14502,0.033691,0.939941
-0.199219,-0.022705,0.868164
-0.065186,0.012451,0.97998
-0.063721,0.01001,0.971436
-0.061768,0.000244,0.947021
-0.064453,0.011719,0.973633
-0.072021,0.008789,0.975586
-0.173828,0.017334,0.961426
-0.151123,-0.046387,0.828369
-0.200195,0.003174,1.052002
-0.03418,-0.000732,0.910889
-0.050049,0.058838,0.998535
-0.133545,0.090332,1.044922
0.121094,0.007568,1.019775
-0.037842,0.023438,0.973389
0.018555,0.037598,1.070312
-0.136963,-0.029053,0.884766
-0.272461,-0.047119,0.900391
-0.14209,0.038086,0.959961
-0.047852,0.11084,0.980225
-0.058594,0.116943,0.963623
-0.011719,0.04834,0.937744
-0.051758,-0.0979,0.945312
-0.084473,-0.118408,0.998535
-0.297119,-0.044189,0.992676
-0.198486,-0.004395,0.805908
-0.049072,-0.009521,0.961426
0.058105,-0.034424,1.020752
0.128906,0.039795,0.999756
0.14917,0.023926,1.023438
0.09082,0.029785,1.015381
-0.119385,0.015137,0.943115
-0.124023,0.032471,0.854492
-0.063477,0.012207,0.980469
-0.059082,0.011475,0.952393
-0.062744,0.010498,0.977539
-0.251465,0.095703,0.97876
-0.187256,0.034668,0.963623
-0.157471,-0.005859,0.907715
-0.045654,-0.005615,0.88916
-0.10376,-0.004883,0.988037
0.087891,0.034912,1.060303
0.229736,-0.036377,0.939941
0.054443,0.038086,1.031006
0.051025,0.014404,0.785889
-0.260986,0.075928,0.906494
-0.05249,0.076172,0.998047
-0.050293,0.193604,0.958008
0.040771,0.10791,0.97998
-0.044434,-0.079102,1.002197
-0.185547,-0.162842,1.029541
-0.202881,0.004883,1.007324
-0.134033,-0.015381,0.978516
-0.008057,0.05957,0.981201
0.106689,0.022705,1.06543
0.272217,0.003174,0.962158
0.113525,0.050049,1.034912
-0.054688,0.116455,1.174805
-0.11792,0.020264,0.931396
-0.239258,0.083008,1.058594
-0.141357,0.005127,0.922119
-0.125244,-0.019043,0.968994
-0.064697,0.007324,0.973145
-0.069092,0.010986,0.975098
-0.07373,0.012207,0.979248
-0.069092,0.010986,0.977783
-0.202393,0.042725,0.954346
-0.028564,0.000977,1.046143
-0.174316,-0.023926,1.040527
-0.161133,0.066406,0.99707
-0.047852,0.013916,1.064697
0.259277,-0.050537,0.852539
0.094238,-0.024658,0.977539
0.059082,-0.009766,0.976807
-0.228027,-0.003174,0.945312
-0.332764,0.019531,1.000488
-0.126221,0.042236,0.971191
-0.034668,0.136719,1.037842
-0.080811,0.078369,1.001221
0.044922,-0.04126,0.928223
-0.122803,-0.224609,1.130371
-0.237793,-0.030762,0.990723
-0.264404,0.090332,1.0896
-0.064209,0.054932,0.989258
0.055908,-0.030762,0.759521
0.127441,0.005371,0.970703
0.233887,0.048828,0.898193
0.127441,0.01001,0.9104
-0.026123,-0.058838,0.86499
-0.14624,0.104004,1.078369
-0.134033,0.021484,0.88501
-0.116211,-0.003174,0.862549
-0.071533,0.008301,0.971924
-0.066895,0.008301,0.980713
-0.066162,0.010254,0.987061
-0.06543,0.009033,0.97583
-0.215332,0.038818,0.896973
-0.223389,0.03418,1.031494
-0.063477,-0.008057,0.781982
-0.039307,0.012451,0.895264
0.139404,-0.010254,0.935547
-0.031982,0.11084,0.976807
0.127441,-0.006348,0.890381
0.047607,-0.064209,0.878174
-0.320557,0.059082,1.026367
-0.125732,0.033936,0.932861
-0.07666,0.140869,0.850586
-0.063965,0.158936,0.93042
-0.115234,-0.040527,1.158691
-0.05542,-0.254395,0.969727
-0.084961,-0.001953,0.974854
-0.141846,0.010986,0.998779
-0.170898,-0.043457,0.78125
0.005859,0.070068,1.125
0.195557,-0.038574,0.988037
0.181885,0.037842,1.02002
0.027588,0.015625,1.09375
-0.058105,0.044434,1.072754
0.096436,0.019775,0.799561
-0.252686,0.005127,0.856934
-0.180908,-0.032715,0.919189
-0.064941,0.007812,0.978271
-0.067139,0.012451,0.977539
-0.070557,0.01123,0.97583
-0.062256,0.009766,0.98877
-0.064453,0.008545,0.975098
-0.194336,-0.030273,0.934814
-0.171143,-0.006592,0.822021
-0.201416,0.068359,1.106689
-0.027588,0.08374,1.058594
0.15625,-0.000977,0.657715
0.188965,0.012939,1.024414
-0.04126,0.010498,0.974854
0.131836,0.023193,1.077881
-0.059082,-0.022461,0.961914
-0.178467,0.060059,0.861816
-0.099854,0.011475,0.968018
-0.05957,0.121338,1.000732
-0.04126,0.062256,0.901855
-0.069092,0.027588,0.905273
-0.063477,-0.122559,0.951904
-0.116455,-0.203857,0.983154
-0.214355,-0.017334,1.022949
-0.221436,0.062256,1.047119
-0.024902,-0.000732,1.10376
0.20874,-0.023438,0.939697
0.405029,0.03125,0.945068
0.090088,0.038086,0.892822
-0.239014,0.022949,1.084229
-0.298584,0.055908,1.13208
-0.23999,0.006836,0.942871
-0.154053,0.002197,0.976318
-0.063477,0.011475,0.974854
-0.065186,0.009277,0.982178
-0.223877,0.097168,1.212158
-0.061768,0.005615,0.981201
-0.253418,0.018555,0.986572
-0.23584,0.018555,0.989746
-0.020264,-0.025635,0.929688
0.029053,-0.032227,0.909424
0.00415,-0.05835,1.027344
0.192383,-0.005615,1.154541
0.083252,0.073242,0.96875
0.16333,-0.057129,0.791016
-0.025635,-0.100586,0.848877
-0.314453,0.011475,0.979248
-0.151855,0.019531,0.982666
-0.061035,0.07251,0.964355
0.062744,0.238525,0.90625
-0.077881,0.229004,1.020996
-0.018799,0.012207,0.941162
-0.107178,-0.279541,0.983398
-0.186768,0.005371,0.972412
-0.358154,-0.003906,0.991455
0.078857,0.05127,1.024902
-0.015869,-0.09668,0.956299
0.098633,-0.025879,0.895508
-0.137939,0.065674,0.979004
0.242676,0.107666,1.016357
0.212646,0.025879,1.098633
0.137451,0.018799,0.895508
0.014893,-0.005371,0.804932
-0.365234,0.011475,1.072754
-0.063721,0.00708,0.974854
-0.064209,0.00708,0.980713
-0.225342,-0.005615,0.916992
-0.162354,0.070557,1.005859
-0.05835,0.068604,0.847168
0.04834,-0.001465,0.958984
0.065674,0.02002,0.895996
0.042969,0.117432,0.989502
0.204102,0.043457,0.997559
0.054932,0.012939,1.098145
-0.189941,-0.006836,0.897949
-0.415283,0.056885,0.968262
-0.087158,0.079834,0.952881
-0.102783,0.247559,1.060547
0.118408,0.160645,0.750244
-0.099854,-0.139404,0.901123
-0.078613,-0.244629,0.959473
-0.188965,-0.042725,0.728516
-0.043701,-0.04248,0.864746
0.077148,-0.015381,0.831543
0.07666,0.057129,1.003418
0.037598,0.060791,0.991211
0.144531,0.022461,0.989502
0.119629,0.054932,1.197266
-0.107178,0.061035,1.23999
-0.094238,0.076904,0.896973
-0.249023,0.000488,0.866455
-0.273682,0.009033,0.98584
-0.064697,0.006104,0.977539
-0.067139,0.011719,0.976562
-0.063477,0.010254,0.980957
-0.063721,0.012451,0.977783
-0.061768,0.007568,0.975098
-0.194092,-0.001221,0.868408
-0.13208,0.025879,0.960938
-0.211182,0.042725,1.080078
0.024658,-0.006592,0.828369
0.196045,0.017578,0.97998
-0.065186,0.031494,0.983398
0.122314,-0.022949,1.031982
0.075195,0.018555,0.934082
-0.246338,-0.017334,0.860596
-0.242432,0.028076,0.984863
-0.026123,0.052734,0.972168
-0.084961,0.182129,0.900879
0.001953,0.093506,1.013916
0.038574,-0.165283,0.806396
-0.0625,-0.029297,0.963379
-0.295654,0.050537,1.119141
-0.271484,-0.109131,0.884766
-0.032471,0.002686,0.985107
0.290527,0.062256,0.948486
0.223633,0.097168,0.95874
0.258545,0.015137,0.922852
0.033203,0.058838,1.0625
-0.208252,0.049561,1.085938
-0.394531,0.0354,0.965088
-0.246338,-0.067139,0.958252
-0.068604,0.007568,0.978271
-0.064209,0.008789,0.980225
-0.06665,0.007812,0.980957
-0.067139,0.01001,0.977539
-0.031006,0.041016,0.97583
-0.291016,0.025391,0.907227
-0.116699,-0.047852,0.93335
-0.095215,0.000488,0.837158
0.12207,-0.014648,0.897461
0.151855,-0.020752,0.954102
0.001221,0.001953,0.97876
0.276611,0.04834,0.985596
0.201416,0.00415,0.87915
-0.233887,-0.03418,1.090576
-0.162354,0.033691,0.972656
0.066895,0.351562,0.984863
-0.126221,0.27124,0.929199
-0.017334,0.09668,1.038086
-0.047607,-0.225586,0.906738
0.025391,-0.317139,1.023926
-0.293945,-0.031738,0.879395
-0.0979,-0.069092,0.85083
0.316895,0.014893,0.992676
0.211914,0.062256,1.085938
0.498047,0.024902,0.850098
-0.15625,-0.065918,0.957031
-0.214355,0.018555,1.065674
-0.274414,-0.008789,0.923096
-0.066895,0.009033,0.976807
-0.065186,0.007324,0.976318
-0.065918,0.01001,0.9729
-0.067383,0.009277,0.980713
-0.071045,0.008057,0.981689
-0.067627,0.01001,0.974121
-0.108887,0.003174,0.975098
-0.159912,0.008545,0.981689
-0.233398,-0.019043,0.944824
-0.033447,0.016846,0.852783
0.126465,-0.02124,0.865234
0.28418,-0.030029,0.938965
0.187256,0.052734,1.002441
0.056885,0.006836,0.880371
-0.070312,-0.057129,0.946045
-0.338379,0.0896,0.876221
-0.049072,0.070557,0.97998
-0.063965,0.211914,0.89917
0.025879,0.197266,0.847412
-0.22168,-0.112061,1.275879
0.058105,-0.357666,1.043457
-0.350586,0.012695,0.987549
-0.092285,-0.032715,1.0
0.136719,0.043457,1.098389
0.029053,0.101074,0.988037
0.145508,0.05249,0.992432
0.164795,0.060791,1.098633
0.069336,-0.005859,0.751221
-0.075439,0.068115,0.860107
-0.474609,-0.033691,0.923096
-0.070557,0.008057,0.983154
-0.062744,0.006836,0.978516
-0.069092,0.007812,0.973633
-0.065918,0.013672,0.980469
-0.064209,0.009277,0.970215
-0.064941,0.007812,0.979248
-0.063965,0.008789,0.972656
-0.287842,-0.080078,0.743408
-0.170654,-0.008545,0.900146
-0.275879,0.040283,0.957764
0.093018,-0.011475,0.871582
0.185547,0.060547,1.044434
0.006592,0.005615,0.964844
0.280273,0.071289,1.165283
0.108398,-0.020264,1.09668
0.050293,-0.026123,0.843506
-0.659912,0.144043,0.985107
-0.062012,0.013916,0.984863
-0.140381,0.200684,1.037109
0.01001,0.253418,0.872803
0.18457,-0.022461,0.738037
-0.034424,-0.389648,1.013916
-0.37085,0.061279,1.098145
-0.29248,-0.058105,0.843018
0.188721,0.015381,1.013672
0.207031,0.105957,1.054443
0.130859,0.064697,1.026123
0.299316,-0.037598,0.759277
0.003906,0.063477,1.046387
-0.17334,0.102783,0.936768
-0.392334,0.043457,1.004639
-0.187744,-0.049805,0.959473
-0.067139,0.011963,0.977783
-0.067383,0.008057,0.977295
-0.06543,0.008301,0.981201
-0.067383,0.009033,0.974365
-0.019531,-0.104736,0.975586
-0.244141,0.020264,0.929932
-0.171875,0.018311,1.01001
-0.208252,0.073242,1.071533
-0.02832,0.090332,1.136475
0.230225,-0.021729,0.765137
-0.023926,0.091064,1.040771
0.181152,-0.059814,1.000732
-0.069824,0.046143,1.116211
-0.655762,-0.045166,1.036621
-0.065186,0.006592,0.977539
-0.109863,0.207764,0.978516
0.119873,0.150635,0.967529
0.005859,0.009033,0.9104
-0.039551,-0.425293,0.998779
-0.305176,-0.022705,1.000244
-0.377441,0.028564,0.962402
-0.142334,0.018555,1.059814
0.181885,0.007568,1.044189
-0.121338,0.029785,1.00708
0.189941,0.119385,1.089844
0.124512,0.025635,1.110596
0.066162,-0.050537,0.859375
-0.134766,-0.022461,0.809082
-0.31958,0.017578,0.951172
-0.22876,0.036865,0.952148
-0.064209,0.010742,0.97876
-0.070068,0.008789,0.981689
-0.064941,0.006104,0.981445
-0.059326,0.010742,0.971924
-0.064209,0.011719,0.977051
-0.351318,0.127197,1.029053
-0.196533,0.041748,1.02417
-0.230225,0.025879,0.953857
0.246582,0.114502,1.125732
0.212158,0.020508,1.028564
0.118164,0.049805,0.990967
0.2771,0.070801,1.088135
0.108154,-0.020752,1.010742
-0.216553,0.016113,1.00293
-0.511475,0.067627,0.874268
-0.044922,-0.026855,0.982178
-0.095947,0.247559,0.970947
-0.086426,0.24292,1.100342
-0.092285,-0.067871,1.087158
-0.048828,-0.255615,0.936279
-0.199707,-0.043701,0.954346
-0.29126,0.057861,1.087891
-0.111572,-0.030518,0.912598
0.073242,0.053223,0.958496
-0.175293,0.127441,0.966553
0.248291,0.089355,1.006592
0.312012,0.049316,1.028809
0.026123,-0.054443,0.973145
-0.0354,0.077637,0.995605
-0.300049,0.057861,1.044434
-0.367432,-0.083008,0.980957
-0.0625,0.005859,0.97583
-0.06958,0.007568,0.981689
-0.060059,0.008057,0.963379
-0.237061,-0.042236,0.97583
-0.306885,-0.003906,0.920166
-0.25415,0.051514,1.087646
-0.176025,-0.020508,0.857422
-0.022949,0.081543,1.202637
0.277344,0.035645,1.090576
-0.169434,0.104736,0.954834
0.022217,0.056641,1.006348
0.192383,-0.01123,1.026611
-0.008057,0.021973,1.032715
-0.339355,0.054199,1.178711
-0.162354,0.001953,0.970215
-0.04248,0.079834,0.971436
-0.044434,0.247803,0.990723
-0.082764,0.062744,1.038818
-0.044189,-0.243652,0.784912
-0.068848,0.006348,0.96875
-0.287109,0.046631,0.891846
-0.183838,-0.069336,1.04541
-0.06665,-0.020996,0.935791
1.749023,-0.035156,1.087646
0.494629,0.114502,0.951172
0.169678,0.009033,1.077637
-0.118896,0.062988,1.147705
-0.285645,0.022949,0.999023
-0.370361,0.055176,0.970459
-0.069336,0.009766,0.96875
-0.069092,0.008301,0.974609
-0.063721,0.006348,0.980713
-0.06665,0.012939,0.980713
-0.063232,0.010498,0.974121
-0.2771,-0.002441,0.935303
-0.252441,0.028564,0.921631
-0.151855,0.044678,0.891357
0.224854,-0.00708,0.935791
-0.04248,0.052979,1.2229
0.091797,0.066162,1.043457
0.110352,0.02002,0.997559
0.292725,0.029785,0.802734
-0.120117,-0.026855,0.802979
-0.482422,0.055176,0.976807
-0.054688,0.13501,0.931396
-0.012451,0.224854,0.831055
0.005127,0.254883,1.04126
-0.129883,-0.259033,1.05957
-0.399902,-0.022461,0.986572
-0.269287,0.013916,0.981201
0.23999,0.080078,1.009766
0.411377,-0.005859,0.819092
0.186035,0.088867,1.003174
0.224365,0.074219,1.063477
-0.117676,0.104248,1.066162
-0.176025,-0.022949,0.952148
-0.361328,-0.015137,0.904297
-0.065918,0.010498,0.982178
-0.063721,0.009521,0.975586
-0.068115,0.010498,0.977783
-0.065674,0.009766,0.979004
-0.066406,0.009766,0.970703
-0.066406,0.009766,0.982666
-0.024658,-0.05127,0.971191
-0.125488,0.02832,0.797852
-0.242188,0.10376,1.074707
-0.162598,0.046631,0.907471
0.148438,0.022461,1.056885
0.194824,0.013184,1.008301
-0.045166,-0.019287,0.982178
-0.012451,-0.007812,1.221924
0.018311,0.07251,1.151123
-0.383545,0.007568,0.97876
-0.102783,0.012695,0.974609
-0.068604,0.091553,0.971191
-0.104004,0.164795,0.997314
-0.037354,0.056641,1.015381
-0.045654,-0.280762,0.901367
-0.48877,-0.08374,0.907227
-0.237305,0.029297,0.97876
0.008057,-0.070068,0.721436
0.071777,0.092773,1.147461
0.038086,0.071777,0.974121
0.181641,0.054688,1.02832
-0.084717,0.020996,1.165527
0.056396,0.091797,0.866455
-0.250244,0.033203,1.128906
-0.355713,0.04541,1.009033
-0.064453,0.007324,0.976318
-0.063965,0.004639,0.976318
-0.069824,0.009766,0.979248
-0.065918,0.011475,0.976074
-0.090576,0.007568,1.015137
-0.075684,0.041748,0.964111
-0.246338,0.118896,1.006836
-0.15918,-0.031006,0.963379
-0.296143,0.119629,1.018066
0.056885,0.021484,1.004883
0.195557,-0.008057,1.106201
0.272705,0.106689,1.015625
0.252686,-0.062988,0.967041
0.104004,-0.089355,0.989258
-0.623291,0.171631,0.925049
-0.070312,0.031738,0.966064
-0.185303,0.110596,1.108398
-0.037842,-0.002441,1.037354
0.042236,-0.134033,0.884521
0.010742,-0.355225,0.980957
-0.405029,0.026123,0.863525
-0.410889,0.008545,1.168701
0.244141,0.050049,0.952148
0.205811,0.03833,0.993164
0.023682,0.063965,1.023926
0.274414,0.017822,0.963379
0.03125,-0.020752,1.037109
-0.035645,-0.032959,0.807861
-0.42627,-0.004639,0.950439
-0.247314,-0.03125,0.950195
-0.069336,0.005859,0.976074
-0.06543,0.007568,0.970215
-0.064697,0.009033,0.969482
-0.064209,0.010986,0.986084
-0.066895,0.009766,0.975342
-0.064453,0.01001,0.972656
-0.060303,0.006836,0.974365
-0.179199,-0.047607,0.950439
-0.245117,0.05249,1.003174
-0.217041,0.026611,0.942139
-0.037354,0.019287,0.907959
0.067627,0.01416,0.898926
1.999939,0.069092,1.209229
-0.022217,0.034424,0.994873
0.0625,0.045654,0.98999
-0.0271,0.085938,1.095703
-0.337158,0.056396,1.001953
-0.092041,0.026855,0.964355
-0.077637,0.194824,0.993164
0.032227,0.1604,0.806152
-0.157959,0.075195,1.062012
-0.074951,-0.415527,1.121826
-0.392578,-0.063965,1.020752
-0.233398,-0.052002,0.691162
0.023926,-0.015137,1.094482
0.08667,0.057373,1.04834
-0.073242,0.004883,0.984375
0.29126,0.010498,0.876221
0.057373,0.041748,0.848145
-0.006348,0.104248,0.906494
-0.378174,0.023193,1.079346
-0.313477,-0.02417,0.945557
-0.063965,0.011963,0.984131
-0.061768,0.008789,0.975342
-0.060791,0.007812,0.981445
-0.066162,0.013428,0.984375
-0.25415,0.001221,0.977539
-0.021484,-0.030518,0.717773
-0.039307,-0.073486,0.923828
0.115967,-0.106934,0.928467
0.343506,-0.037109,1.016846
0.103516,0.042725,0.908447
0.095215,-0.056396,1.034912
-0.234619,0.023193,1.006836
-0.291992,0.012207,0.98999
-0.060791,0.022461,0.978271
-0.066162,0.20874,0.943604
-0.075439,0.07373,0.992676
-0.089844,-0.255371,1.005127
-0.294434,-0.007568,0.98291
-0.50293,-0.022949,1.042725
-0.144043,-0.032715,0.983887
0.09668,0.018066,1.065186
0.108643,0.111328,0.963379
0.131348,0.012207,1.046631
0.268066,0.022217,1.004883
0.0,-0.023926,0.848633
-0.361816,-0.062012,1.080322
-0.07959,0.020996,0.974121
-0.064941,0.014893,0.971924
-0.065918,0.010254,0.97876
-0.064209,0.013672,0.980713
-0.063721,0.013672,0.973145
-0.066895,0.011963,0.977539
-0.0625,0.010742,0.970459
-0.075195,0.013428,0.975342
-0.249023,0.019287,0.949951
-0.143799,0.01001,0.990723
-0.111084,0.050537,1.013672
0.125,0.02417,1.03418
0.119873,0.028809,1.009033
0.000977,0.02832,1.010986
0.148193,0.006348,0.927002
0.015137,0.042969,1.08374
-0.57251,0.009033,0.947021
-0.066406,0.006836,0.977539
-0.085449,0.108154,0.978271
0.000977,0.20874,1.017822
-0.161865,0.062256,1.080566
-0.05835,-0.171631,1.057861
-0.248535,-0.081055,0.973389
-0.456787,0.050537,0.987549
0.265869,-0.015137,0.998779
0.429932,0.05542,1.029541
-0.046143,0.104492,1.091797
0.030029,-0.013184,0.85376
-0.271484,-0.009277,1.069824
-0.39209,-0.053467,1.003418
-0.062256,0.005859,0.970703
-0.06958,0.011475,0.976562
-0.065674,0.008545,0.975342
-0.06543,0.001221,0.98291
-0.062256,0.010986,0.97583
-0.066162,0.010498,0.983398
-0.063965,0.01123,0.971191
-0.245605,0.158936,1.00415
-0.265381,0.046875,1.073975
-0.28125,-0.027832,0.952393
-0.137451,0.016846,1.009766
0.005859,0.033203,1.144531
0.24585,0.074707,1.030273
0.133301,0.032959,0.931152
0.161865,0.025146,0.979248
0.092529,-0.007812,1.062256
-0.434814,0.032471,1.008057
-0.066162,0.010986,0.980469
-0.048828,0.086914,0.963867
-0.086914,0.112305,1.026123
-0.064941,0.106445,0.905762
-0.04834,-0.236084,0.972656
-0.066406,0.012695,0.973877
-0.313721,-0.003174,0.934082
-0.248291,-0.043701,0.920166
0.003174,0.046631,1.240967
0.275879,0.030518,0.932617
-0.064941,-0.003174,0.978516
0.097412,0.009766,1.018799
0.116943,0.014404,0.892822
-0.103271,0.106689,1.165283
-0.286865,0.048584,1.170654
-0.275146,0.017822,0.824707
-0.06543,0.005615,0.970703
-0.064941,0.007324,0.969727
-0.066406,0.004883,0.976318
-0.062256,0.010498,0.961914
-0.061768,0.009766,0.979248
-0.0625,0.010254,0.977295
-0.080566,-0.04126,0.970459
-0.354248,0.047852,1.004883
-0.187012,-0.044678,0.902588
0.065186,-0.000977,0.898682
0.001221,0.049561,1.029785
0.19458,-0.000488,1.117432
-0.063477,0.003662,0.980713
0.088623,-0.013672,1.012451
0.144775,0.001953,0.961182
-0.0354,-0.030029,0.818359
-0.417236,0.025391,0.956299
-0.064697,0.033691,0.974365
-0.080566,0.223145,0.96167
0.057617,0.232178,1.01123
-0.059326,-0.01001,1.205322
-0.076416,-0.324707,0.837646
-0.30835,-0.015625,0.93457
-0.148193,-0.011475,0.90918
0.124268,0.072998,1.148926
0.207031,0.053711,1.024414
-0.026123,0.0271,1.000244
0.12915,0.034912,1.068115
0.022461,0.018799,0.994385
0.026611,-0.030029,0.851074
-0.394287,0.009766,1.172607
-0.174072,-0.016357,0.813477
-0.06665,0.009033,0.97876
-0.067139,0.009033,0.970947
-0.06543,0.011719,0.974854
0.002441,0.014893,0.978516
-0.204102,0.017578,0.981689
-0.200684,0.037109,0.658203
-0.13916,-0.013428,0.981934
0.083984,-0.01001,1.006104
0.366211,0.010742,1.047363
-0.069824,0.007812,0.990479
0.221924,-0.020752,0.773193
0.092285,-0.029785,0.999512
-0.39624,0.02124,0.905029
-0.063477,0.011475,0.977051
-0.063721,0.210693,0.923584
-0.000244,0.198242,0.933838
-0.081787,0.006348,1.125
-0.004883,-0.285889,0.926758
-0.290283,0.009766,1.006836
-0.378174,-0.108398,1.010742
0.072021,0.119873,1.084473
0.094238,-0.018066,1.046631
0.05249,0.060791,0.978027
0.099365,0.043945,1.100098
0.064453,0.05542,1.100342
0.072021,0.0625,0.95459
-0.138184,0.019287,0.992188
-0.363037,-0.002197,1.225342
-0.282959,0.011475,0.975586
-0.074219,0.019775,0.977539
-0.043701,0.005859,0.977295
-0.148682,-0.037842,1.036377
-0.129395,0.017822,0.952148
-0.320557,0.023926,0.965088
-0.180664,0.082764,1.066162
0.108887,-0.009277,1.02124
0.181641,0.007568,1.047119
-0.047119,0.004883,0.95459
0.19458,0.000977,0.97583
0.041992,0.019531,1.024658
-0.398193,-0.032471,0.894043
-0.065918,0.010498,0.967285
0.059326,0.251221,1.020752
-0.046631,0.151855,1.030762
-0.118408,-0.177002,1.077393
-0.165039,-0.290039,1.061035
-0.272461,-0.054443,0.890137
-0.186279,-0.051758,0.826172
0.060547,-0.023682,0.98291
0.086914,0.009766,0.936035
-0.063721,0.005859,0.979736
0.397949,0.126709,1.080322
-0.099854,0.000488,1.077393
-0.317627,0.005859,0.980469
-0.402344,0.041016,0.965088
-0.066406,0.008057,0.976318
-0.067139,0.006592,0.976562
-0.060059,0.003418,0.976807
-0.063965,0.006836,0.97876
-0.069092,0.006104,0.976318
-0.17627,-0.081543,0.958496
-0.055908,0.003418,0.971924
-0.193604,0.032227,0.967285
-0.26416,-0.062256,0.911133
-0.179688,-0.064453,0.894775
0.065186,-0.024414,1.059814
0.31543,0.156494,1.031494
-0.107178,0.052002,0.976074
0.210693,0.074707,1.031982
-0.02832,0.024414,1.075439
-0.497314,-0.049316,0.980713
-0.063721,-0.002441,0.944092
-0.062744,0.337158,1.090576
-0.041992,-0.07373,0.968018
-0.135986,-0.38208,0.991211
-0.349121,-0.063232,1.129883
0.061279,-0.07373,0.709229
0.231445,0.099854,0.821289
0.169189,0.021973,0.983398
0.059082,-0.046631,1.000977
0.180908,0.015137,1.183105
-0.236328,-0.168701,0.939209
-0.387451,-0.077148,0.949951
-0.087158,0.056885,0.994141
-0.031738,-0.011475,0.990234
-0.064941,0.003662,0.976562
-0.068848,0.007324,0.970459
-0.065918,0.00415,0.979004
-0.066162,0.000488,0.977051
-0.063477,0.00293,0.977295
-0.062012,0.006348,0.973877
-0.110596,0.023193,0.959473
-0.232178,0.004639,0.90625
-0.177246,0.062012,0.938477
-0.082275,-0.109619,1.07959
0.078125,-0.17749,1.003906
0.192871,0.175537,1.020508
0.20752,0.04126,1.034912
0.1521,0.018311,0.958252
-0.25293,-0.083008,0.940674
-0.399902,0.052734,1.091064
-0.111816,0.254883,0.975098
0.083008,0.199951,0.89624
-0.101562,-0.102051,0.891357
-0.206787,-0.395752,0.998047
-0.186523,-0.006592,0.9729
-0.281006,-0.03125,0.960449
0.048584,0.072998,0.954346
0.265869,0.067139,0.968262
0.146729,0.048096,1.055664
0.099121,-0.013184,0.964111
0.234863,0.065674,1.123047
-0.14502,-0.05835,1.039551
-0.35791,-0.027588,0.972412
-0.274902,0.006348,0.93457
-0.049072,0.002441,0.948975
-0.068848,0.006592,0.980469
-0.069824,0.004883,0.97876
-0.064941,0.003418,0.979736
-0.062012,0.007324,0.977295
-0.06543,0.00293,0.980713
-0.128174,-0.022949,0.973145
-0.356445,-0.056641,0.895264
-0.250732,0.022217,1.071533
-0.191895,0.064209,1.125732
0.183105,-0.070312,0.990967
-0.0979,-0.10376,0.916016
0.175049,0.121826,1.009277
0.421143,0.141357,1.07373
0.057861,-0.093262,1.184814
-0.402344,-0.08374,0.929199
-0.26416,-0.088135,0.96167
-0.019287,0.19873,0.844727
-0.019043,0.120605,1.010498
-0.160889,-0.28418,0.982178
-0.189941,-0.186523,0.963379
-0.118896,-0.113281,0.935547
0.078125,0.053711,1.0
0.048096,0.01416,0.995605
-0.046875,-0.006836,0.984131
-0.040283,-0.042969,0.975342
-0.063232,0.007568,0.976562
0.26709,-0.001465,0.862061
0.025635,-0.005859,0.886719
-0.399902,-0.079102,1.053223
-0.35376,0.018066,0.965088
-0.057617,-0.00708,0.970947
-0.06543,0.005371,0.976074
-0.064453,0.008545,0.974854
-0.066895,0.006348,0.973145
-0.062988,0.007324,0.972412
-0.069092,0.005615,0.980225
-0.262207,-0.049072,0.939941
-0.37793,-0.048584,0.94873
-0.075928,0.095947,0.990723
0.115479,-0.064697,0.862305
0.232666,0.045654,1.004395
0.038086,-0.028564,0.992676
0.303467,-0.005859,1.054932
0.262695,0.019287,0.788086
-0.381836,-0.005127,1.013184
-0.272949,0.098389,0.930664
-0.118164,0.31958,0.985352
0.09375,0.057373,0.914551
-0.353271,-0.284424,1.017334
-0.091797,-0.369385,0.7146
0.01001,-0.098633,0.808838
0.181641,0.116943,1.038574
-0.023926,-0.02124,0.995117
-0.040039,0.001221,0.97583
0.299072,0.014404,1.082031
-0.057861,-0.083984,0.957764
-0.425293,-0.076172,0.870361
-0.113281,0.076416,0.945801
-0.162598,-0.005615,0.980957
-0.061523,0.009766,0.97876
-0.062988,0.009277,0.972412
-0.059082,0.006836,0.974854
-0.070557,0.009766,0.983643
-0.062988,0.007568,0.979492
-0.080322,0.019287,0.978027
-0.080322,0.044434,0.974121
-0.224609,-0.02832,0.979248
-0.2146,-0.000244,0.976318
-0.181641,-0.077637,0.877441
0.125977,-0.008301,0.838135
0.135986,-0.026123,1.019043
0.042725,-0.021484,0.979248
0.237305,-0.011475,0.999756
-0.507568,-0.141113,0.981201
-0.344971,0.123779,0.909668
-0.053223,0.262207,0.989502
-0.069092,0.211182,1.054199
-0.127441,-0.048096,1.091797
-0.035889,-0.218262,0.87915
-0.188232,-0.150635,0.903076
0.032471,-0.081543,0.863281
0.304688,0.112549,0.935059
-0.066406,0.007324,0.979248
0.248047,0.062988,0.942871
0.056396,0.018799,1.034912
-0.158447,-0.040039,0.975586
-0.341309,-0.057617,0.903076
-0.22876,0.098389,0.991943
-0.064697,0.008789,0.976562
-0.064697,0.007812,0.976074
-0.062012,0.004395,0.978271
-0.062744,0.004883,0.974609
-0.064697,0.005859,0.969238
-0.066406,0.005615,0.977051
-0.064697,0.002441,0.983398
-0.109619,0.027588,0.979248
-0.294678,0.011475,0.953369
-0.240234,0.020996,0.922363
-0.027832,-0.03418,0.942383
0.009766,0.006104,1.049072
0.29541,0.038086,1.005859
0.162842,-0.005371,1.039307
-0.019043,-0.068848,0.897949
-0.434326,0.014648,1.005371
-0.110107,-0.026611,0.963623
-0.12915,0.144287,0.891846
0.01416,0.144043,0.929443
-0.008545,-0.037842,0.995361
-0.195801,-0.249023,0.879883
-0.122559,-0.079102,1.055176
0.09668,0.092285,1.089355
-0.067627,0.002686,0.989014
0.213135,0.022461,1.061768
0.253174,-0.04541,0.932617
-0.293457,0.021973,1.307617
-0.270508,-0.007324,0.882568
-0.314941,0.082031,0.96875
-0.048584,-0.000244,0.970947
-0.066406,0.004395,0.969238
-0.063965,0.005615,0.972656
-0.06543,0.006348,0.969238
-0.069336,0.008789,0.979004
-0.060791,0.005859,0.976807
-0.064697,0.011963,0.979248
-0.067383,0.000977,0.97583
-0.29834,-0.12793,1.005859
-0.293945,-0.035645,1.023438
-0.180908,0.066406,1.069336
-0.011963,0.058594,1.111328
0.120361,0.221436,0.994141
0.098877,0.040771,1.000732
0.127197,-0.064453,1.013672
0.192871,0.088623,1.044189
-0.246582,-0.128418,0.915283
-0.472168,0.018555,0.91748
-0.0625,0.17334,0.916504
0.113037,0.252686,0.938477
-0.029297,0.05542,0.884277
-0.119141,-0.227539,1.015869
-0.164795,-0.096924,1.018066
-0.457764,-0.091064,0.98584
0.087646,-0.00293,0.914062
0.14502,0.061035,0.962646
0.053711,-0.01416,0.988525
0.342285,0.008057,0.946045
0.018555,0.007812,1.0979
-0.273682,0.00415,1.065918
-0.441895,-0.014648,0.95166
-0.066895,0.115234,0.974609
-0.074219,0.003662,0.973145
-0.064697,0.003174,0.980469
-0.06543,0.007812,0.971436
-0.06543,0.009033,0.975586
-0.063477,0.008545,0.982178
-0.063965,0.00293,0.977783
-0.062744,0.000488,0.979492
-0.175049,-0.012695,0.882812
-0.22998,0.005859,1.00293
-0.230225,0.023926,0.994141
0.110352,0.054199,0.939453
0.124268,-0.004395,1.003906
0.19043,-0.003662,1.0271
0.014404,0.004639,1.316162
-0.091553,0.01709,1.103027
-0.388916,0.057617,1.031738
-0.118164,0.227051,0.983643
-0.019287,0.172119,0.946289
-0.013184,0.065674,0.950439
-0.187012,-0.109131,1.078369
-0.081787,-0.217041,0.955566
-0.343506,-0.00415,1.032715
-0.167969,-0.054199,0.932129
0.116211,0.061523,1.073975
0.254883,-0.004883,1.022949
0.124756,-0.021484,1.039307
-0.312012,0.020508,1.162842
-0.375,-0.056885,0.907715
-0.265381,0.07959,0.977539
-0.07666,0.008789,0.975342
-0.02417,0.011719,0.980225
-0.0625,0.005127,0.972412
-0.064697,0.00708,0.981445
-0.062988,0.008057,0.983154
-0.062988,0.006348,0.973145
-0.062012,-0.000977,0.973389
-0.042725,0.005371,0.926025
-0.223389,-0.061035,0.834229
-0.250244,0.056396,1.036377
-0.042236,0.038574,0.900391
0.157715,-0.11792,0.815186
0.123047,0.027344,1.023438
0.217285,0.09375,1.039062
0.265381,-0.006836,0.948242
-0.020264,0.037109,1.027832
-0.522705,-0.160889,0.798584
-0.141113,0.244141,0.980225
0.016113,0.318359,0.93335
0.021973,0.047852,0.935059
-0.279785,-0.381348,1.091064
-0.252441,-0.104248,0.907227
-0.170898,-0.047852,0.87793
0.102295,-0.00708,0.921387
0.085449,0.013672,1.011963
-0.063477,0.011719,0.975586
0.353027,0.02002,0.993164
0.029053,-0.073975,0.913818
-0.226562,0.002197,0.90918
-0.197998,0.000244,0.972656
-0.165283,0.027588,0.927246
0.080566,0.071777,0.984863
-0.088379,-0.006836,0.970215
-0.068115,0.003906,0.97583
-0.067383,0.006104,0.980957
-0.061523,0.001709,0.970215
-0.063477,0.006592,0.977295
-0.168701,-0.027344,0.947266
-0.243652,-0.006104,1.052734
-0.254883,-0.03125,0.908936
0.050293,0.14624,1.092285
0.158936,0.010742,0.990967
0.193359,0.048828,1.135498
0.18335,0.06958,0.9375
0.18457,0.062012,0.897949
-0.245117,0.040771,1.023926
-0.500488,-0.046143,1.074707
-0.064697,0.18335,0.973389
-0.030518,0.220947,0.858154
-0.162842,-0.029297,0.999512
-0.139648,-0.402588,0.943604
-0.251221,-0.062988,1.122803
-0.107666,0.064941,0.978027
0.126221,0.08374,0.974854
0.155273,0.029053,1.052734
-0.063965,0.010498,0.98877
0.2146,0.083008,1.130615
0.248779,0.039795,0.962646
-0.152344,0.015137,0.908447
-0.399902,-0.071533,0.8479
-0.165771,0.111328,0.975342
-0.068359,0.003662,0.980713
-0.067139,0.006348,0.984131
-0.065918,0.009521,0.970947
-0.063965,0.006836,0.984375
-0.066406,0.005615,0.975098
-0.068359,0.006104,0.979736
-0.203125,-0.010986,0.968994
-0.351318,0.061768,0.955078
-0.44873,-0.086914,0.962646
0.274902,-0.091309,0.80957
0.305176,0.13501,0.769287
0.324463,0.134277,0.924561
0.240967,0.03125,1.154053
0.123047,-0.010254,0.994873
-0.320068,-0.106201,0.876709
-0.424072,0.048828,0.915283
-0.037598,0.272949,0.968994
0.000244,0.049316,0.911865
-0.044434,-0.188965,1.078857
-0.104736,-0.179932,0.842285
-0.240723,-0.079834,0.841309
-0.231934,-0.014893,1.050293
-0.089111,-0.022217,0.952148
0.158447,0.029297,0.969482
0.060059,-0.015381,1.003174
0.216553,0.107178,1.150391
0.254883,0.029053,0.860596
-0.272705,0.003662,1.053223
-0.433838,-0.004883,1.027588
-0.232422,0.049805,0.961426
-0.234863,-0.042725,0.989014
-0.064453,0.006348,0.980713
-0.062012,0.003906,0.973877
-0.065918,0.006104,0.978027
-0.064941,0.010986,0.973877
-0.060059,0.001709,0.978271
-0.165039,-0.027832,0.993408
-0.238525,0.04126,1.024902
-0.155273,0.031006,0.909668
-0.176758,-0.065674,1.040527
0.078125,-0.001953,0.980957
0.085205,0.124023,1.215332
0.009766,-0.037598,0.959473
-0.057129,0.002197,0.983398
0.121094,-0.026367,1.040527
-0.030518,0.007812,0.813477
-0.313965,0.168457,0.94751
-0.012695,0.285156,0.937988
-0.162598,0.101807,0.922852
-0.009521,-0.191895,0.931885
-0.093994,-0.304199,0.896729
-0.214355,0.037598,1.084473
-0.125732,-0.038818,0.848877
0.060791,0.088135,1.02124
0.149658,0.038574,1.006104
-0.062988,0.003906,0.980225
0.313721,0.064697,0.958252
0.146484,0.065918,1.186035
0.023926,0.06543,0.867432
-0.403076,-0.029785,1.08667
-0.066162,0.01123,0.980713
-0.065186,0.006104,0.9729
-0.06543,0.000488,0.975098
-0.063477,0.004883,0.980225
-0.064209,0.008057,0.976318
-0.064697,0.006348,0.975342
-0.064453,0.005859,0.983154
-0.183594,-0.020508,0.956299
-0.286377,-0.015137,0.938965
-0.109619,-0.008789,1.044922
0.03125,0.012939,0.941406
0.060547,-0.08252,0.966553
-0.063965,-0.073975,0.967773
0.267334,0.004883,0.968262
-0.005615,-0.056641,0.971924
-0.473633,0.030762,1.070557
-0.018066,0.323242,0.984863
0.013428,0.162354,0.950928
-0.216064,0.042969,1.100586
-0.033203,-0.407227,0.919922
-0.285156,-0.104004,0.944824
-0.232666,0.0896,0.93042
-0.096436,0.07373,1.195068
0.093506,-0.011963,0.955078
-0.060059,0.00415,0.968018
0.333496,0.063965,1.051514
0.189453,0.030518,1.106689
-0.26709,0.088379,1.077393
-0.415039,-0.05835,0.909668
-0.050781,0.012939,0.98584
-0.064941,0.006592,0.971924
-0.069092,0.003174,0.983398
-0.063965,0.005127,0.977295
-0.067871,0.001465,0.978271
-0.062256,0.007812,0.980469
-0.252197,-0.095947,0.941406
-0.11377,-0.008057,0.97998
-0.248291,-0.00293,0.950195
-0.315918,0.002441,0.981445
0.05542,0.071045,0.97876
0.079346,-0.011475,1.103271
0.008789,-0.007324,0.935547
0.077393,-0.241943,0.988281
0.171875,-0.012451,0.982422
0.001465,-0.016846,0.902588
-0.503662,0.074463,0.991211
-0.052246,0.322021,0.966309
-0.043213,0.128906,0.908936
-0.08374,-0.08374,0.991211
-0.127686,-0.09668,1.057861
-0.107666,-0.075684,1.132324
-0.159912,-0.116211,0.974121
-0.25415,-0.068604,0.974365
0.021973,0.082764,1.126221
0.264893,0.047852,0.92334
0.201172,-0.031006,0.967285
0.13916,-0.011719,1.100342
-0.283447,-0.001709,1.031738
-0.547852,-0.094482,0.859131
0.004639,0.054932,1.021729
-0.062744,0.006348,0.984131
-0.064697,0.006104,0.981445
-0.063232,0.011963,0.97583
-0.06543,0.00708,0.978027
-0.067627,0.006104,0.974121
-0.126465,-0.0354,0.977539
-0.04541,0.134277,0.981445
-0.341797,-0.000732,0.89917
-0.155518,0.039795,0.942871
0.019287,0.072998,0.976318
0.325684,0.009277,1.002686
-0.070312,0.008057,1.002441
0.233887,-0.02417,0.991699
0.077393,-0.041748,1.010498
-0.35376,-0.022217,1.092529
-0.375732,0.131348,0.935547
0.038818,0.331787,0.883545
-0.104736,0.127686,0.953857
-0.267334,-0.055664,1.154053
-0.151367,-0.421387,0.98877
-0.41626,-0.02832,0.848633
0.04541,-0.013672,0.756836
0.208984,0.043213,1.073975
-0.009521,-0.006836,0.978027
0.233154,-0.058594,1.096924
0.196045,0.001953,0.893311
-0.3396,0.075439,1.053711
-0.431641,0.044922,0.970215
-0.085938,0.001953,0.973633
-0.061768,0.006348,0.9729
-0.067871,0.015381,0.970947
-0.051758,0.014648,0.969971
-0.09375,-0.008545,0.982178
-0.057617,0.035156,0.981934
-0.068848,0.00708,0.977539
-0.065186,0.008789,0.982666
-0.064453,0.010498,0.9729
-0.199219,0.01001,0.913574
-0.338135,-0.034912,1.00708
0.22876,-0.052002,0.919189
0.442627,-0.016357,1.028564
0.248047,-0.009766,0.976318
-0.056396,0.006836,1.091553
-0.345215,-0.000488,0.971924
-0.060791,0.092285,0.980225
-0.028564,0.263184,0.982422
0.041992,0.131592,0.779541
-0.001465,-0.102783,0.983643
-0.126953,-0.355469,0.99292
-0.293457,-0.013916,0.956055
0.048096,-0.06665,0.784912
0.106445,0.077637,0.939209
0.119629,0.105469,0.985107
0.123047,0.032715,0.902588
0.21875,-0.050293,0.720947
0.060303,0.033936,1.02832
-0.422119,0.051514,0.917969
-0.258789,-0.061523,0.976562
-0.065674,0.012695,0.981445
-0.064209,0.011475,0.97876
-0.063721,0.010498,0.980957
-0.069336,0.008789,0.97876
-0.066162,0.012695,0.97583
-0.069092,0.009277,0.971436
-0.063477,0.014893,0.980957
-0.068604,0.014404,0.965332
-0.063721,0.01123,0.960693
-0.345703,-0.03418,0.967773
-0.163818,0.0271,0.962646
0.160156,-0.001465,0.967041
0.314941,-0.031982,0.97168
-0.06543,0.012207,0.980469
0.064453,-0.023438,0.996826
0.102295,-0.016602,1.010254
-0.110352,-0.00293,1.01709
-0.519531,0.106445,0.916748
-0.063965,0.008057,0.981201
-0.044434,0.222168,0.908691
-0.009033,0.18335,0.976807
0.008301,-0.09082,0.967773
-0.068115,-0.305908,0.911621
-0.27417,0.033203,0.938965
-0.273682,-0.04126,0.975098
0.00293,0.047852,1.036865
0.139648,0.025146,1.080811
-0.064453,0.010254,0.974121
0.055908,0.02002,1.046387
0.224365,-0.030518,0.897949
-0.018799,-0.008301,1.090332
-0.290771,0.048584,0.967773
-0.329346,0.021973,0.902344
-0.242432,0.023926,0.967285
-0.064697,0.013672,0.972656
-0.06665,0.010986,0.982422
-0.069092,0.009033,0.968018
-0.067383,0.006836,0.979736
-0.063477,0.010986,0.967285
-0.073486,0.02417,0.956543
-0.360352,-0.024658,1.01709
-0.150391,-0.001709,0.943115
-0.101318,0.02832,0.949219
0.002197,0.117676,0.945557
0.259766,0.001221,0.995605
0.135742,0.011719,0.968994
0.114014,-0.001221,1.081543
-0.128174,0.001709,0.946533
-0.717773,0.301025,0.977051
0.000732,0.232422,0.985352
0.059814,0.117432,0.914795
-0.013916,-0.165283,0.968506
-0.150879,-0.241943,0.971436
-0.232422,-0.026367,0.913574
0.013672,-0.002441,0.986328
0.117432,0.009521,0.98291
0.117676,0.0979,0.993652
0.226074,0.027832,0.989502
0.055908,0.050049,1.137939
-0.054932,0.009766,0.958252
-0.349121,0.005859,0.826904
-0.297607,-0.094971,0.955322
-0.062256,0.013184,0.983154
-0.072998,0.002441,0.977051
-0.077637,0.001709,0.97583
-0.065674,0.010254,0.9729
-0.064941,0.01123,0.974609
-0.065674,0.009766,0.969971
-0.066406,0.009766,0.974854
-0.137207,0.026855,0.998779
-0.046387,0.027588,0.906982
0.002197,-0.004395,1.007568
0.215332,-0.006104,0.986572
0.222168,-0.055176,0.846924
0.150391,0.046631,0.945312
0.109131,-0.008057,1.016846
-0.149414,-0.012939,1.044678
-0.518066,0.099609,0.851562
-0.115967,0.092529,0.957275
-0.113037,0.235107,1.028564
0.04248,0.112305,0.983887
-0.176025,-0.293457,1.037109
-0.339355,-0.083496,0.963379
-0.144287,0.025635,0.891602
0.105225,0.026123,0.953613
0.13208,0.076172,1.036133
-0.039551,0.016113,0.985596
0.135254,0.034424,1.066162
-0.14624,0.024902,1.069092
-0.051758,-0.00708,0.909668
-0.352783,0.066406,0.971924
-0.06543,0.010498,0.98877
-0.06543,0.009277,0.972412
-0.064453,0.008789,0.977051
-0.063965,0.011719,0.97583
-0.063721,0.010742,0.978516
-0.063477,0.005859,0.977295
-0.064453,0.010742,0.972656
-0.065918,0.012695,0.984131
-0.175781,0.075684,0.935547
-0.16748,-0.002197,0.892334
-0.116699,-0.027588,1.005615
0.10083,0.013672,0.981201
0.207275,-0.022461,0.960693
0.218506,-0.043945,0.96167
0.115967,-0.03833,1.054932
-0.174805,-0.070557,0.861084
-0.502197,0.17334,0.906738
-0.044189,0.238525,0.981445
-0.030518,0.209961,1.004883
0.020996,0.000977,1.026611
-0.200195,-0.354004,0.940674
-0.368652,0.008789,0.959961
-0.07251,0.005371,0.904541
0.019775,0.001221,0.980469
0.170898,0.049072,1.02832
0.072266,0.047119,0.972412
0.167969,-0.033447,0.989502
-0.054199,0.08252,1.061035
-0.401123,0.016113,1.00415
-0.461426,-0.009521,0.986816
-0.077148,-0.024658,0.955811
-0.066406,0.010742,0.970947
-0.063721,0.00708,0.979492
-0.071289,0.010742,0.982178
-0.062256,0.007568,0.972412
-0.067139,0.006836,0.97583
-0.068359,0.006592,0.971924
-0.063721,0.005371,0.977295
-0.040527,0.054199,0.979248
-0.415527,0.08252,1.062988
-0.177246,-0.002197,0.878174
0.109375,-0.045166,1.018066
0.149414,0.063232,1.05957
-0.065186,0.012939,0.97876
0.189209,0.01123,0.942383
0.104248,-0.068359,0.9729
-0.381836,0.00415,1.054688
-0.071045,0.012695,1.001221
-0.043701,0.100098,0.980225
-0.068115,0.212646,0.99585
-0.084717,0.076172,1.022949
-0.262939,-0.227539,0.993896
-0.242188,-0.152832,0.935547
-0.224365,0.012939,0.989502
0.011719,-0.020508,0.881836
0.280762,0.038818,0.915527
-0.004395,-0.020752,0.971924
0.141846,0.067139,0.990234
0.012207,0.037598,0.935303
0.012939,-0.047363,0.708496
-0.487305,0.068848,0.920898
-0.029541,0.047852,0.989258
-0.063965,0.010742,0.978516
-0.064697,0.00708,0.978271
-0.067139,0.01001,0.976807
-0.068848,0.010742,0.974854
-0.062988,0.005859,0.96875
-0.066162,0.010986,0.980469
-0.056152,-0.018555,0.967285
-0.256348,0.059814,0.936768
-0.317383,-0.015137,0.997803
-0.143311,-0.023926,0.982178
0.102539,-0.004395,1.007568
0.075439,0.012207,1.085205
0.201904,0.039551,1.001221
0.214844,0.011963,0.989746
0.172607,-0.03125,0.931396
-0.431885,0.060303,0.899414
-0.061768,0.012695,0.975098
-0.068604,0.214844,0.971924
0.001953,0.128418,0.949951
-0.075928,-0.263916,0.854492
-0.087646,-0.19751,0.950439
-0.171143,0.034424,0.934082
-0.005371,0.059814,0.948975
0.162842,0.013672,0.988525
-0.027588,-0.006348,0.983887
0.220459,0.033691,0.994873
0.062256,0.069092,0.974121
-0.111572,-0.006836,0.902344
-0.430908,0.005859,0.890137
-0.030518,-0.001221,0.993652
-0.068115,0.012451,0.975586
-0.065186,0.010742,0.97876
-0.067383,0.010498,0.97876
-0.063477,0.009033,0.974121
-0.063232,0.006592,0.981689
-0.065918,0.007812,0.981689
-0.064697,0.009033,0.985596
-0.077393,0.044434,0.976318
-0.363281,0.018555,1.043701
-0.223389,-0.031494,0.946289
-0.112793,0.030029,1.126221
0.086182,0.075195,0.990479
0.265137,-0.056641,1.057129
0.158936,0.022461,0.973877
0.191162,-0.003418,0.959961
0.091309,-0.098389,0.957031
-0.067627,0.006348,0.982178
-0.07959,0.22168,0.9646
-0.055176,0.326904,1.011475
-0.159424,-0.143555,0.998047
-0.325439,-0.220703,0.88623
-0.095703,-0.040039,0.883301
0.005615,0.021973,0.96875
0.496338,-0.028564,0.803223
0.070801,0.040527,0.938232
0.210693,0.00708,0.940186
-0.049805,0.062744,1.146973
-0.222168,-0.0625,1.001465
-0.350098,0.014648,0.814453
-0.063477,0.01001,0.972412
-0.063965,0.011475,0.973145
-0.064941,0.013672,0.976318
-0.06665,0.004639,0.97583
-0.065674,0.007324,0.977539
-0.065674,0.007568,0.978271
-0.0625,0.005127,0.976318
-0.247314,-0.042725,1.033936
-0.315186,0.019531,1.014893
-0.291748,0.017578,0.97168
-0.164795,-0.030762,1.143311
0.197754,-0.162109,0.937744
0.246826,-0.048584,1.005615
0.150391,0.048828,0.990479
0.066895,-0.004883,1.056152
0.058105,-0.042725,0.895508
-0.555664,0.208252,0.9021
-0.060547,0.013184,0.97876
-0.047119,0.281006,0.921387
0.034668,0.032959,0.994141
-0.247559,-0.271973,0.977051
-0.30249,-0.02124,1.02417
-0.078125,-0.038818,0.867188
0.065918,-0.005371,0.814209
0.084961,-0.009033,1.026367
0.011475,-0.016357,0.983887
0.177979,-0.005615,1.010742
0.052979,0.104248,1.145752
-0.147949,0.032471,0.989746
-0.34668,0.00708,0.976562
-0.057129,0.009521,0.9646
-0.070557,0.010498,0.97998
-0.061523,0.009277,0.969971
-0.069092,0.010254,0.976562
-0.065674,0.011963,0.974609
-0.061035,0.009766,0.974854
-0.065918,0.004639,0.980225
-0.056885,0.006348,0.966064
-0.343018,0.4375,0.936768
-0.206299,0.040527,0.964111
-0.115967,0.041016,0.988037
0.077881,-0.015625,0.826416
0.067627,-0.001709,0.917236
0.024902,-0.010254,0.966309
0.028564,0.005371,0.985352
0.156494,0.03418,1.032471
0.177246,-0.028564,1.015869
-0.313721,-0.017334,1.129883
-0.582275,0.042969,0.931641
-0.065186,0.007324,0.976807
-0.192383,0.212891,0.976562
-0.045166,0.166992,0.906738
-0.017822,-0.206787,0.971924
-0.16748,-0.218018,0.959717
-0.077637,0.021973,0.939453
0.055908,0.033936,1.042236
0.247559,-0.013672,0.982422
0.24707,0.043945,0.964111
0.225098,0.032471,1.0
-0.105957,-0.020752,1.033447
-0.373291,-0.052002,0.860596
-0.064209,0.011963,0.974854
-0.069824,0.007324,0.980469
-0.064941,0.003174,0.979736
-0.071289,0.006104,0.978271
-0.064209,0.006592,0.978516
-0.056396,0.009766,0.976807
-0.306396,0.004395,0.925781
-0.125488,-0.012939,0.934082
-0.004395,0.004395,0.858643
0.100098,-0.070312,0.866455
0.033691,0.013428,0.938232
0.219482,0.002197,0.979248
0.05127,-0.012207,1.056152
-0.190674,-0.001221,1.000977
-0.505371,0.068848,0.899902
-0.005127,0.219238,0.968262
-0.000488,0.143799,1.053467
-0.258545,-0.270996,1.063965
-0.415039,-0.074707,0.842285
-0.11499,0.045166,1.060303
0.12207,0.044922,0.97998
0.161865,0.049072,0.999268
0.167236,0.060059,1.02832
0.186768,-0.053955,0.961914
-0.039307,0.07373,1.075928
-0.37085,0.015137,0.918213
-0.34375,0.007568,0.952881
0.014648,0.046631,0.981689
-0.069092,0.008545,0.975342
-0.012939,-0.040527,0.887695
-0.068359,0.008545,0.976074
-0.067383,0.016602,0.973633
-0.06543,0.009277,0.979736
-0.068848,0.006348,0.981934
-0.062012,0.010254,0.981201
-0.066895,0.003174,0.987061
-0.220215,0.002441,0.952393
-0.458984,0.07373,1.135742
-0.233643,0.049316,1.024658
0.184082,0.013428,0.943848
0.245117,0.044678,0.978271
0.233643,0.018799,1.060303
0.289307,0.00293,0.968506
-0.078613,0.047363,1.099854
-0.668701,0.005859,1.0
0.010986,0.134766,0.988525
-0.162598,0.226562,1.20459
0.056152,-0.148193,0.853516
-0.264648,-0.349121,0.921387
-0.319824,-0.065186,0.925537
-0.017334,0.060303,0.949219
0.14917,0.030518,0.925537
-0.058594,0.007812,0.970459
0.266602,0.088135,1.108398
0.218262,0.062744,1.052734
-0.218994,-0.045166,0.846191
-0.42749,-0.050293,0.910156
-0.068848,0.009033,0.98291
-0.064453,0.00708,0.969727
-0.06543,0.00415,0.970215
-0.070557,0.01001,0.981201
-0.065674,0.010498,0.979248
-0.066162,0.008057,0.980957
-0.067627,0.008789,0.979736
-0.068604,0.009033,0.977295
-0.063477,0.007812,0.979004
-0.066406,0.008057,0.976074
-0.067383,0.01001,0.9729
-0.314209,0.014648,0.920654
-0.331787,-0.05249,0.918457
0.028564,0.02832,0.898193
0.240234,-0.004639,0.92749
0.342285,0.12915,0.995117
0.277588,0.032715,1.024658
-0.109131,0.038086,0.994141
-0.668701,-0.007568,0.948975
0.003662,0.23291,0.964111
-0.116211,0.240723,1.070557
-0.175781,-0.113525,1.053467
-0.38208,-0.299072,0.92749
-0.196777,-0.023438,1.072266
0.040527,0.055176,0.946533
0.213135,0.027588,1.015869
0.09375,0.031738,0.994141
0.291504,-0.055664,0.974121
-0.173096,-0.058105,1.023193
-0.424316,0.043701,0.927979
-0.066162,0.012207,0.962402
-0.067627,0.012207,0.973877
-0.057373,0.00415,0.977539
-0.078369,0.052979,0.976318
-0.066162,0.009277,0.977295
-0.063477,0.010498,0.972168
-0.064941,0.01123,0.977539
-0.064209,0.008545,0.97876
-0.128906,0.02832,1.151611
-0.245361,-0.016602,0.983398
-0.279297,0.030762,0.925293
-0.001221,0.036865,0.837891
0.101318,-0.068604,0.921875
0.191162,-0.017578,0.97998
0.142334,-0.04248,1.049805
0.270996,-0.056396,0.90918
-0.039062,0.0271,0.970215
-0.612061,0.029541,1.003418
-0.034912,0.255615,1.005859
-0.078857,0.205811,1.053955
-0.210205,-0.30127,0.98999
-0.376221,-0.202881,0.897705
-0.079102,0.016602,1.032227
0.217285,0.032959,1.059082
-0.0625,0.012451,0.987549
0.275635,-0.022949,0.95874
0.021973,0.00293,1.012695
-0.571045,0.044678,1.020752
-0.281982,0.071289,0.925049
-0.065186,0.009277,0.987061
-0.065674,0.008789,0.976074
-0.067627,0.006348,0.983154
-0.061768,0.006836,0.970459
-0.06543,0.006836,0.973633
-0.065918,0.008301,0.977295
-0.06665,0.002441,0.980225
-0.064697,0.005371,0.976562
-0.155762,0.047852,0.945068
-0.163574,0.100586,0.9646
-0.754883,-0.019287,0.996338
-0.138916,0.0625,0.884277
-0.333984,-0.205078,0.909424
0.338379,0.162354,0.94873
-0.070557,-0.128418,0.885498
0.228271,0.04834,0.824951
0.064697,0.178955,1.146484
-0.658936,0.003418,0.861084
-0.222412,0.085205,0.949707
0.021973,0.554932,1.045166
-0.145264,0.297607,1.159912
-0.376465,-0.335205,1.010498
-0.367188,-0.383545,0.835449
-0.558105,0.000244,0.971436
-0.405273,0.116699,0.975342
-0.173584,0.07959,1.171143
0.556152,0.164307,1.073242
0.19043,-0.022461,0.852051
0.091309,-0.105225,0.742188
-0.685059,-0.037842,0.94458
-0.678955,0.145264,0.868164
-0.13208,0.01001,0.934814
-0.182373,0.052734,0.969238
-0.180664,0.039062,0.942627
-0.176025,0.051514,0.964111
-0.173828,0.034912,0.959473
-0.176025,0.040039,0.95752
-0.172363,0.040771,0.954834
-0.181152,0.053223,0.966309
-0.200195,0.073486,0.94165
-0.334229,0.09668,1.066406
-0.496826,-0.207031,0.703125
-0.337891,-0.040771,0.695068
0.108154,0.129395,1.083496
0.138672,0.136475,1.109863
-0.174316,0.004395,0.871338
0.191406,0.019531,0.847656
-0.224365,0.073975,1.1521
-0.663574,0.081543,1.039795
-0.237305,0.098633,0.963379
-0.181641,0.335205,0.99585
-0.035889,0.128906,0.924072
-0.192871,-0.224609,1.138672
-0.364258,-0.355469,1.050781
-0.385254,-0.087402,0.680908
-0.536865,0.003174,0.810059
-0.392578,-0.002686,1.048828
0.125732,-0.041504,0.974365
0.547119,0.120117,1.022461
0.324219,0.016357,1.118164
-0.22168,0.112061,0.954834
-0.181152,0.163574,0.556152
-0.656982,0.119141,1.032715
-0.153809,0.012695,0.912842
-0.151611,0.057373,0.97998
-0.179932,0.050293,0.950928
-0.167725,0.055664,0.958984
-0.169678,0.051025,0.963379
-0.207275,0.077393,0.977295
-0.473877,0.05957,1.048584
-0.535889,0.067139,0.942627
-0.445068,0.093506,1.218994
0.101807,0.10083,1.031738
0.194092,-0.008545,1.01123
0.171631,0.08252,1.012207
0.219238,0.128906,0.787354
-0.446289,0.00708,1.204346
-0.506592,0.083984,0.9021
-0.262451,0.053223,0.957764
-0.087158,0.341309,0.856689
-0.12915,0.272705,1.023682
-0.227783,-0.119629,1.180908
-0.266357,-0.470703,1.028564
-0.174072,0.085205,0.978271
-0.62207,0.070801,0.929199
-0.437988,0.574219,1.809082
0.482666,-0.144043,0.86792
0.150146,0.107666,0.97168
0.04126,0.006104,1.251953
0.0354,-0.042236,0.775879
-0.375,0.031982,0.773682
-0.518799,0.228027,0.89624
-0.163574,0.051025,0.964111
-0.163086,0.046875,0.951172
-0.165039,0.054443,0.956543
-0.168213,0.061279,0.968994
-0.173584,0.059814,0.95752
-0.173096,0.056152,0.962402
-0.171875,0.032227,0.919678
-0.158447,0.011963,0.885498
-0.613525,0.009277,1.041992
-0.475098,-0.015869,0.845703
-0.036865,0.005615,1.131836
0.269531,0.045898,0.761475
-0.126465,0.048096,0.936523
0.051025,0.037354,1.002686
0.055176,0.10083,0.738281
-0.780029,0.055908,0.889648
-0.17334,0.118408,1.000244
0.010742,0.556885,0.928467
-0.054932,0.322266,0.901123
0.038818,-0.117188,0.678467
-0.209229,-0.151123,1.006104
-0.345947,0.124756,0.968506
-0.162354,0.238525,0.989746
0.232178,-0.022705,0.701904
0.365234,-0.083252,0.500977
0.197021,0.039551,0.826172
0.438477,0.140625,0.870605
-0.36377,-0.009766,0.752441
-0.830566,0.000977,0.910645
-0.200439,0.005127,0.943115
-0.168701,0.040283,0.966553
-0.184814,0.065186,0.983398
-0.179199,0.050781,0.953125
-0.175781,0.042725,0.958252
-0.165527,0.03125,0.953613
-0.164062,0.030518,0.95459
-0.188721,0.035645,0.890381
-0.188965,0.059082,1.017334
-0.567139,-0.004395,1.267578
-0.448486,-0.051025,0.722412
-0.037109,0.080566,1.13501
0.418701,-0.044678,0.776123
0.127197,-0.022949,0.972656
0.23999,0.082764,0.853271
-0.334473,-0.158936,1.283203
-0.737549,0.002686,0.92041
-0.216797,0.261719,1.01123
-0.212646,0.294189,0.996582
-0.155029,0.128662,0.744629
-0.07959,-0.324219,0.788086
-0.382324,-0.145996,0.9375
-0.605225,0.08667,1.172119
-0.142822,0.055664,1.037109
0.351318,0.23584,0.827637
0.282715,0.111084,1.038818
0.187012,0.349854,1.568848
-0.728271,-0.01709,1.108398
-0.711426,-0.05542,0.804199
-0.173584,0.032471,0.922119
-0.168457,0.053711,0.976074
-0.178955,0.060303,0.963379
-0.179932,0.051514,0.952148
-0.154785,0.050293,0.939697
-0.162109,0.047607,0.951904
-0.168701,0.044678,0.962646
-0.174316,0.044678,0.957764
-0.108154,0.029541,0.902588
-0.225342,0.045654,1.001221
-0.630859,0.040771,0.985352
-0.292725,0.014404,0.876465
0.217041,0.1875,1.053223
0.271484,0.045654,0.886719
0.156006,-0.032959,0.875
-0.050537,-0.063721,0.957275
-1.092529,-0.214844,0.849609
-0.308594,0.05249,1.004395
0.037354,0.457031,0.845459
-0.122314,0.236328,0.851562
-0.079834,-0.054199,0.938232
-0.318359,-0.633789,0.799805
-0.597656,-0.086914,0.971924
-0.310547,-0.00415,0.772217
0.108643,0.18457,1.306152
0.209229,-0.251953,0.945312
0.119873,-0.067139,1.084229
0.155029,0.061035,0.95874
-0.584473,-0.033447,1.090088
-0.896729,0.172852,1.099609
-0.282471,0.028076,1.065674
-0.124023,0.018555,0.926025
-0.156494,0.039551,0.965576
-0.180908,0.061523,0.963379
-0.178711,0.059326,0.9646
-0.17334,0.053955,0.962402
-0.170166,0.047852,0.959717
-0.168701,0.050781,0.953369
-0.181152,0.041016,0.920654
-0.15918,0.046875,0.957031
-0.529297,0.020508,0.925781
-0.33252,0.059082,1.228516
-0.017822,-0.022461,0.901611
0.214355,0.121582,1.040771
-0.116943,-0.020996,0.984375
-0.053711,0.037842,0.9646
0.120605,0.04834,1.087402
-0.617188,-0.062744,1.113037
-0.417969,0.266113,0.924561
-0.141357,0.126953,0.936279
-0.230225,0.388184,1.045654
-0.582764,-0.117188,1.009277
-0.763428,-0.65625,1.19873
-0.179199,0.014648,0.927734
-0.373047,0.066895,1.0979
-0.731445,-0.349854,0.766846
0.160889,0.278564,0.922363
0.099609,0.165039,1.021729
0.378418,0.148926,1.040527
0.046143,0.020264,1.239014
-0.325684,-0.075439,1.013428
-0.672119,0.171143,0.768066
-0.209229,0.054199,0.94165
-0.153564,0.071289,1.01001
-0.186035,0.044678,0.947021
-0.174072,0.037842,0.949707
-0.164795,0.041992,0.968262
-0.168213,0.05127,0.952393
-0.177979,0.040771,0.938477
-0.269531,0.067383,1.012451
-0.475098,-0.020752,0.793457
-0.1875,0.02002,0.689453
0.249756,0.105957,0.769531
0.250244,0.108154,1.088623
0.022949,0.01709,0.961426
0.04248,0.143066,1.165039
-0.637939,-0.06665,0.813477
-0.291748,0.113525,0.953369
-0.08374,0.356201,1.070312
-0.149658,0.114258,0.830811
-0.318115,-0.56665,0.943359
-0.487305,-0.131836,0.893311
-0.655518,-0.020752,1.045898
-0.110596,0.036133,0.921875
0.24585,0.24585,1.120605
0.376709,0.121338,0.955078
-0.003174,0.050293,0.967285
-0.167969,-0.019531,0.831055
-0.313721,0.281494,0.79126
-0.328125,0.087158,0.866699
-0.157471,0.060791,0.967041
-0.179688,0.058105,0.965576
-0.175049,0.045654,0.949463
-0.168701,0.047363,0.957275
-0.16626,0.048828,0.960693
-0.169434,0.048584,0.953125
-0.167725,0.050537,0.961426
-0.171387,0.053467,0.956055
-0.163574,0.036621,0.934814
-0.334961,0.018799,0.948975
-0.725342,0.002441,0.974365
-0.355957,0.20874,1.105225
-0.050049,0.014404,1.069336
0.300293,0.054688,0.841553
0.37915,0.045166,0.854248
-0.230469,0.058594,1.156494
-0.30249,-0.039551,1.335205
-0.470947,0.202637,0.861328
-0.2146,0.322754,0.941895
-0.437988,0.284668,1.083008
-0.133545,0.016113,0.822266
-0.306641,-0.461182,0.877197
-0.389404,-0.064453,0.956543
-0.291016,0.085938,0.786133
-0.231689,-0.011475,0.912842
0.10791,0.115967,0.83667
0.157959,0.026367,1.131348
-0.023682,0.044678,0.989258
-0.033447,-0.083496,0.918457
-0.019775,0.112305,0.9646
-0.529297,0.27124,1.229492
-0.245361,0.034424,0.9375
-0.170166,0.050049,0.992432
-0.181396,0.029785,0.945068
-0.190918,0.061768,0.981445
-0.171631,0.024902,0.955811
-0.170166,0.033447,0.958252
-0.181885,0.039062,0.961426
-0.207275,0.047607,0.950195
-0.25415,-0.068359,0.72168
-0.440674,0.108643,1.024414
-0.330322,-0.000732,0.755615
-0.126221,-0.148682,0.925293
0.193848,0.093018,0.823975
0.157227,-0.017822,0.948242
0.214355,-0.033203,0.722656
0.091797,0.171875,1.223145
-1.266113,0.17627,1.999939
-0.243164,0.204102,0.938721
-0.158936,0.378418,0.980225
-0.010742,0.065918,0.854248
-0.352051,-0.403809,0.98999
-0.699463,-0.173096,1.008545
-0.354248,-0.063965,0.865479
0.763428,0.182617,0.510986
-0.116455,-0.075439,1.018066
0.044922,0.032471,0.904785
-0.186279,-0.030762,0.842773
-0.322998,0.033203,1.186035
-1.302979,-0.141846,1.086182
-0.325439,0.210449,0.956299
-0.15625,0.023193,0.924316
-0.161621,0.054688,0.979248
-0.180176,0.060547,0.956055
-0.171387,0.055664,0.963379
-0.170654,0.054688,0.964844
-0.166504,0.051514,0.958984
-0.169922,0.047119,0.963135
-0.179199,0.047363,0.957275
-0.302734,0.045898,0.925781
-0.35791,0.034912,0.705566
-0.373291,-0.042236,0.664062
-0.008789,0.138428,1.151611
0.364502,0.004639,0.717773
0.005859,-0.145752,0.982178
0.107178,0.029053,0.947754
-0.163086,0.084717,0.820557
-0.59375,0.108643,0.935303
-0.314453,0.137451,0.969971
-0.240479,0.510742,1.116699
-0.137695,0.076904,1.124512
-0.206543,-0.468506,0.708496
-0.561768,-0.019775,0.914551
-0.345703,0.146973,0.951904
-0.198975,-0.099365,0.957275
0.23291,0.033691,0.84375
0.26416,0.191406,1.050781
0.117432,0.083008,1.064697
-0.22168,-0.069092,0.883789
-0.432129,0.077881,1.111816
-0.250977,0.01001,0.793701
-0.166016,0.062988,1.01123
-0.198242,0.044189,0.945801
-0.167969,0.039795,0.962402
-0.16748,0.032715,0.960938
-0.168457,0.029053,0.950439
-0.161865,0.037842,0.966553
-0.174072,0.036377,0.952637
-0.181641,0.05957,0.964355
-0.466553,0.185303,0.908447
-0.671143,-0.004639,1.036377
-0.260254,0.04834,0.85376
0.19873,0.023682,0.723633
0.027588,-0.008545,0.979736
0.13623,0.12793,1.053955
0.157471,0.026855,0.933594
-0.832764,0.082031,1.334717
-0.249512,0.182129,0.970947
-0.126465,0.541992,0.997559
-0.092773,0.093506,0.87915
-0.099121,-0.296387,0.970459
-0.561523,0.007324,0.85376
-0.361328,0.109375,1.046387
-0.186768,0.020996,1.01123
0.229004,-0.140625,1.170166
0.115479,-0.024414,0.80542
0.411377,0.122314,0.863525
-0.231445,0.05249,0.99292
-0.388672,-0.097412,0.954102
-0.565186,0.122314,1.094971
-0.158447,0.047852,0.958496
-0.180664,0.030518,0.94458
-0.167725,0.038086,0.972656
-0.184082,0.037109,0.950684
-0.174072,0.033447,0.963135
-0.170898,0.036377,0.958496
-0.17334,0.041748,0.955566
-0.174805,0.042725,0.96167
-0.184326,0.059326,0.952881
-0.560547,-0.008789,0.855957
-0.617432,0.143066,1.044922
-0.261475,-0.02124,0.938232
0.371826,0.13916,1.106689
-0.022217,0.046387,0.947266
0.002197,0.008545,1.060791
-0.413818,-0.161377,0.588867
-0.574707,0.038574,0.953369
-0.117188,0.454834,0.861572
-0.133789,0.231934,1.118652
-0.375488,-0.493896,0.963135
-0.26416,0.115479,1.053467
-0.538818,0.126709,1.263672
0.245605,0.05835,0.876221
0.19751,-0.033203,0.868896
0.071289,0.071777,1.196533
0.200195,0.082764,0.955566
-0.480225,0.063965,0.925293
-0.884033,-0.097656,0.944824
-0.306396,0.037842,0.961426
-0.160156,0.018555,0.929688
-0.160156,0.044678,0.968262
-0.179199,0.055176,0.969727
-0.178955,0.05249,0.953857
-0.168701,0.050049,0.958984
-0.180908,0.044678,0.955811
-0.172119,0.047119,0.958984
-0.171631,0.05127,0.953857
-0.169434,0.051758,0.960205
-0.193359,0.0354,0.893066
-0.167969,0.037109,0.974854
-0.785889,-0.039551,1.048584
-0.315918,-0.061035,0.921387
-0.025146,0.102051,0.839844
0.293457,0.26416,1.234375
-0.045898,0.066406,0.893555
0.256592,0.143066,0.91626
-0.681885,-0.185547,0.966553
-0.245605,0.073975,0.992432
-0.126709,0.527588,1.073242
0.094727,0.253662,0.942383
-0.294189,-0.454346,1.073242
-0.70752,-0.201416,0.630371
-0.320557,0.106934,0.916992
0.101074,0.082275,1.233887
-0.073975,-0.073975,1.111328
-0.043213,-0.034668,1.010498
0.409912,0.063477,0.836426
-0.182129,0.033203,0.994873
-0.529297,0.070312,0.8396
-0.477539,0.023193,0.880127
-0.176514,0.055176,0.954834
-0.167236,0.049561,0.948975
-0.167725,0.053223,0.96167
-0.171143,0.058105,0.967285
-0.168701,0.05542,0.949951
-0.164795,0.053711,0.956787
-0.170654,0.056885,0.956055
-0.164795,0.051025,0.946777
-0.196533,0.067383,0.945801
-0.17749,0.094238,0.923096
-0.549805,0.125488,0.986328
-0.46875,0.026855,0.996826
0.145508,0.171143,1.097412
0.195557,0.109619,1.104248
0.023193,-0.009766,0.933594
0.072998,0.20459,1.065186
-0.637695,0.251709,0.994873
-0.314453,0.249268,0.948486
-0.066162,0.508545,0.939453
-0.244873,-0.431885,0.70166
-0.458008,-0.248291,1.052734
-0.23877,-0.075195,0.378906
0.536133,0.167969,0.998291
-0.03418,-0.14502,1.062744
0.0271,-0.001953,1.130127
0.008789,0.063965,1.15332
-0.063232,0.2229,0.66748
-0.804443,0.013672,0.987061
-0.27832,0.168945,1.042969
-0.169434,0.055664,0.959473
-0.18335,0.054199,0.95874
-0.170898,0.037598,0.952393
-0.166748,0.036865,0.959961
-0.17627,0.048584,0.961426
-0.177979,0.043213,0.958252
-0.18335,0.044434,0.950195
-0.199219,0.04541,0.953125
-0.179443,0.043457,0.958252
-0.153809,0.066162,0.977295
-0.17041,0.081543,0.953857
-0.405518,0.05127,1.046631
-0.384766,0.022705,0.979004
-0.214355,-0.00293,0.9729
0.240723,-0.000244,0.78125
0.222412,-0.009033,0.720703
0.149658,0.111816,1.024414
0.059814,0.161377,1.069824
-0.649658,-0.042236,0.909424
-0.429443,0.16333,0.935547
-0.106201,0.280518,1.028076
-0.349609,0.407715,1.120361
-0.269775,-0.121826,0.859131
-0.264404,-0.509766,0.978516
-0.624512,-0.066895,0.872803
-0.228027,0.12793,1.025146
0.088623,-0.117676,0.895264
0.140625,0.189453,1.108887
0.1875,-0.023193,0.833252
0.22168,0.068604,0.96167
0.178467,0.10376,0.666016
-0.845215,-0.010498,1.031494
-0.360596,0.046631,0.951416
-0.175781,0.056885,0.956055
-0.171387,0.062256,0.96582
-0.176025,0.054199,0.958008
-0.181396,0.062012,0.960938
-0.173828,0.054688,0.959961
-0.166748,0.051514,0.955811
-0.164062,0.051025,0.92627
-0.185547,0.039551,0.922363
-0.189941,0.054932,0.945312
-0.468506,0.025146,0.93457
-0.355225,-0.102295,0.897217
-0.075195,-0.330566,0.591309
0.415039,-0.138672,0.216064
-0.002441,0.083252,0.994873
0.655273,0.021973,0.183838
-0.225342,0.060059,0.981201
-0.643311,0.200928,0.96582
-0.341797,0.12207,0.954102
-0.104736,0.177002,0.845459
-0.322021,0.05835,1.114258
-0.407471,-0.435791,0.861572
-0.457764,-0.023438,0.737061
-0.274658,0.068359,0.953857
-0.031738,-0.00708,1.145996
0.493896,0.037598,0.660645
0.2771,-0.071289,0.852295
0.061279,0.003418,1.054443
-0.374512,0.177246,0.852295
-0.813721,-0.142334,0.960205
-0.187988,0.043701,0.937744
-0.169189,0.055664,0.949707
-0.17334,0.045654,0.963623
-0.166992,0.061523,0.966064
-0.172607,0.052246,0.963623
-0.168945,0.044189,0.954346
-0.172607,0.044189,0.956299
-0.16748,0.033203,0.912842
-0.147217,0.04834,0.977539
-0.68457,0.010742,0.962402
-0.292725,0.005859,0.695068
0.050537,0.001465,0.636719
0.112305,0.016846,0.853027
0.251953,0.009766,0.96875
0.155273,0.008057,0.675537
-0.285156,-0.222168,0.296387
-0.637939,-0.022217,0.758789
-0.293457,0.380371,0.985107
-0.08374,0.549072,1.031982
-0.000977,-0.001709,0.867188
-0.404297,-0.332275,0.893555
-0.431152,-0.046387,0.866699
-0.475098,0.101562,0.773682
-0.13208,-0.009766,1.047119
0.19165,0.047119,1.176025
0.147705,0.021484,1.004883
-0.127441,0.188477,1.292969
0.052734,0.304932,1.074463
-0.361816,0.168701,0.786377
-0.195068,0.116699,1.082031
-0.169922,0.018311,0.932617
-0.175049,0.052246,0.983154
-0.177246,0.044189,0.922607
-0.166748,0.04834,0.959961
-0.181641,0.031982,0.952393
-0.169434,0.033691,0.968506
-0.196777,0.02124,0.932617
-0.172119,0.072021,0.963623
-0.165771,0.036621,0.95752
-0.244141,0.024658,0.931885
-0.722412,-0.03418,0.886719
-0.684082,0.02832,1.000977
0.046631,0.089355,0.984131
0.502197,0.059814,1.076416
0.248047,0.000977,0.791992
0.343262,0.029053,0.894287
-0.794189,0.015381,0.928711
-0.192383,0.051025,0.950439
-0.177979,0.277344,0.929688
-0.008301,0.289551,0.986572
0.003174,-0.348145,0.872314
-0.526855,-0.130615,0.910156
-0.1875,0.181396,0.755371
-0.273926,-0.03833,1.070801
0.335693,-0.039795,0.828857
0.258301,0.038818,0.973633
0.221924,0.043945,0.803223
0.132568,0.172607,0.868408
-0.138672,-0.059814,0.731934
-0.697998,0.000244,0.876953
-0.201172,0.016357,0.930176
-0.165771,0.050293,0.963379
-0.176758,0.058838,0.960205
-0.178467,0.052002,0.9646
-0.181152,0.066162,0.964844
-0.172119,0.055176,0.952637
-0.178955,0.057129,0.957275
-0.166748,0.070312,0.964355
-0.130615,0.092285,0.974365
-0.578857,0.17627,1.151611
-0.500977,0.090576,0.921631
-0.0625,-0.076172,0.913086
0.128906,-0.176025,0.981201
-0.076904,-0.043457,0.987793
0.276855,-0.015869,0.655273
-0.074463,-0.071045,0.839844
-0.721191,0.155029,0.938965
-0.157715,0.119385,1.009277
-0.126953,0.358154,1.040527
-0.098633,-0.002441,0.952393
-0.195068,-0.240479,0.862793
-0.411621,0.01709,0.963623
-0.353516,0.008057,0.925049
-0.314697,0.157471,1.335205
0.265869,0.033936,0.906738
0.031982,0.166992,0.979248
-0.237549,0.108154,1.224365
0.379639,0.196777,0.643066
0.133789,0.123047,0.901367
-0.439941,0.04541,1.130127
-0.502197,0.010254,1.017822
-0.253906,-0.006104,0.950928
-0.169678,0.033691,0.965332
-0.17041,0.037842,0.960693
-0.170654,0.037109,0.956543
-0.169189,0.034424,0.958252
-0.167236,0.030029,0.957275
-0.180908,0.048584,0.942383
-0.116943,0.051758,1.026855
0.033447,0.127197,0.904053
-0.497559,-0.030273,0.915527
-0.515625,-0.016357,0.962891
-0.51416,-0.04126,0.933594
-0.072021,0.124023,0.907959
0.228027,0.087402,0.861328
-0.121094,0.002686,0.997314
0.188721,0.066895,0.826904
-0.105713,-0.014893,0.813477
-0.698975,0.019775,0.833984
-0.255127,0.199463,0.99707
-0.136963,0.374268,0.912842
-0.138184,0.00293,1.179688
-0.444092,-0.551758,0.945312
-0.32959,0.003418,0.846191
-0.570557,0.057617,1.085449
-0.352539,-0.069336,0.943604
0.196289,0.072266,1.115723
0.134033,0.072266,0.990723
0.11084,0.191895,0.982666
-0.166504,0.026367,1.01416
-0.378906,0.01001,0.843262
-0.482666,0.07666,0.916016
-0.204346,0.05835,0.927734
-0.185791,0.082031,0.981445
-0.189941,0.067383,0.954346
-0.17041,0.054199,0.96875
-0.162598,0.051025,0.959473
-0.16333,0.039795,0.963623
-0.164551,-0.025391,0.975586
-0.620605,-0.031494,0.904053
-0.455811,0.117676,1.06665
0.157227,0.011963,0.477539
0.191406,-0.015625,0.899658
-0.129639,0.039795,0.991211
0.132324,0.132568,1.20752
-0.13623,0.128662,1.044189
-0.693848,0.085693,1.079102
-0.184326,0.237793,0.965332
-0.095459,0.430908,0.970459
-0.309326,-0.219727,0.999023
-0.281494,-0.510742,0.847412
-0.648438,0.011719,0.938965
-0.379395,0.054199,0.813477
-0.326172,0.067871,1.30835
0.179688,0.042725,1.287354
-0.147705,0.014893,0.977783
0.146973,-0.01416,0.664307
0.009766,0.116211,1.030029
-0.33252,-0.131104,1.028564
-0.829834,-0.095215,1.116455
-0.406738,0.046143,0.724365
-0.15625,0.020996,0.950195
-0.166016,0.040527,0.957764
-0.174805,0.043213,0.958008
-0.181396,0.051025,0.968262
-0.17627,0.048828,0.958008
-0.173828,0.040039,0.956787
-0.166504,0.047363,0.953857
-0.171875,0.047607,0.933838
-0.520752,0.079346,1.057373
-0.205078,0.031982,0.912598
0.166016,0.154785,1.002441
-0.007324,-0.00415,0.849121
-0.092285,0.037109,1.00708
0.186279,0.098633,0.890869
0.118896,0.077637,1.220459
-0.748535,-0.041992,1.04126
-0.265381,0.059082,0.970703
-0.084717,0.423584,0.966553
-0.38208,0.011719,1.192383
-0.213135,-0.121826,0.96582
-0.434814,-0.495117,0.876709
-0.518799,0.005127,0.815674
-0.465332,0.062988,0.85791
0.286377,0.043945,0.696533
0.185059,0.13501,1.374023
-0.061523,0.136475,1.435303
0.129883,-0.024414,0.945312
-0.487793,-0.013184,1.268066
-0.898926,-0.144043,1.109619
-0.417236,0.022705,0.908691
-0.166016,0.05127,0.969727
-0.181641,0.035889,0.945557
-0.171631,0.035156,0.955078
-0.166748,0.032715,0.955322
-0.16748,0.032227,0.956787
-0.175293,0.033691,0.956299
-0.174805,0.024658,0.930908
-0.171143,0.063721,0.988281
-0.425293,0.037354,0.868408
-0.702637,0.031494,1.131104
0.096191,-0.171143,0.826904
0.522705,-0.108398,0.367188
0.034912,-0.012695,1.049805
0.105225,0.05249,1.078857
0.034424,0.12207,1.17749
-0.506592,-0.083252,0.895264
-0.223633,0.061768,0.944824
-0.200439,0.30835,1.052734
-0.175537,0.263428,0.97583
-0.0354,-0.174072,0.889648
-0.374023,0.073975,1.195557
-0.616455,0.177979,0.861084
-0.054932,0.049561,1.114014
0.103271,-0.043457,1.072998
0.145996,-0.162842,0.853271
0.106934,0.025635,0.817139
0.017578,0.015137,1.01709
-0.072266,0.063232,0.853271
-0.308594,0.017822,1.024658
-0.45459,0.055664,0.959229
-0.394531,0.09375,0.993408
-0.163818,0.028076,0.951416
-0.176758,0.05249,0.964355
-0.179199,0.050049,0.957764
-0.178955,0.041992,0.960693
-0.178223,0.048828,0.958984
-0.214111,0.082031,0.970459
-0.171875,0.078369,0.871338
-0.511719,0.116699,1.011963
-0.637451,0.010986,0.667725
-0.070312,-0.004395,0.898682
0.093262,-0.01001,0.95752
0.015381,0.037354,0.959229
0.162354,0.0,1.02124
0.179443,0.014893,0.979736
-0.378418,0.161621,1.053955
-0.390137,0.11377,0.907959
-0.105225,0.275635,0.872803
-0.22876,0.209961,0.932617
-0.062256,0.0354,0.913086
-0.388428,-0.302734,0.941895
-0.532715,0.006592,1.046875
-0.283691,0.203369,1.017822
-0.124268,0.051514,1.001221
-0.040039,-0.096924,0.987549
0.220215,-0.07251,1.088623
0.064941,0.018555,0.844482
-0.044922,0.093262,1.34375
-0.26416,0.076904,0.932129
-0.609375,0.018799,1.126465
-0.523193,-0.011475,1.01123
-0.171387,0.063477,0.972412
-0.177734,0.045166,0.94751
-0.164307,0.046631,0.965576
-0.165527,0.038574,0.961426
-0.169678,0.043213,0.955078
-0.181152,0.04834,0.927979
-0.125488,0.036133,0.895996
-0.467773,0.046631,0.921387
-0.571289,-0.039307,0.444824
-0.097656,0.024902,0.859131
0.147705,-0.034668,1.03833
0.160889,0.112305,1.05249
0.075439,0.07666,0.904053
-0.012207,0.051758,1.0979
-0.262207,-0.018066,0.879639
-0.588135,0.046387,0.973877
-0.1604,0.238281,0.94165
0.047852,0.374756,0.811523
-0.107178,0.210693,0.998535
-0.136475,-0.213379,0.90918
-0.253174,-0.221191,0.924805
-0.35083,0.071777,0.814697
-0.442871,0.09668,1.026855
-0.20874,0.078369,0.815674
-0.062988,-0.031982,0.883789
0.070801,0.026367,0.940918
0.104248,-0.055176,0.807373
0.063965,0.125244,1.075195
0.231934,0.080811,0.838867
-0.518311,0.269531,1.597412
-0.510498,0.012695,0.946289
-0.343018,0.10791,1.033447
-0.165283,0.050049,0.961914
-0.169189,0.046387,0.952881
-0.165283,0.046875,0.958008
-0.194336,0.121094,0.918701
-0.17041,0.044434,0.941162
-0.476562,0.069336,0.860352
-0.551025,-0.135254,0.836426
-0.134277,0.003662,0.810303
0.588135,0.183594,1.12085
-0.124268,-0.153809,1.039062
0.131104,0.051758,0.974609
-0.217041,0.065918,0.998535
-0.680176,0.158447,0.962646
-0.276611,0.180664,1.013672
-0.015381,0.314209,0.935547
-0.205811,0.070801,1.024902
-0.25708,-0.241211,0.935791
-0.303223,0.030518,0.945312
-0.485352,0.039795,0.774414
-0.269287,0.148682,1.024414
0.074219,0.141602,0.923828
0.125488,0.003906,1.13208
0.275146,0.044678,0.857178
0.294678,0.029297,1.179199
0.070557,0.179199,0.588867
-0.315674,0.133789,0.863525
-0.609863,-0.014893,0.895752
-0.181396,0.072754,0.947754
-0.162354,0.032471,0.954102
-0.160889,0.039795,0.961426
-0.171631,0.03833,0.95166
-0.170654,0.0354,0.955811
-0.177979,0.043457,0.956543
-0.185059,0.049805,0.959961
-0.216064,0.031494,0.987061
-0.469971,0.078125,1.031738
-0.312012,0.061035,0.955566
0.196289,0.08252,0.974365
0.176514,0.08252,0.97876
-0.000977,0.001709,1.031006
0.108398,0.080322,1.11499
-0.126709,0.045654,0.85498
-0.63623,0.025635,0.874268
-0.103516,0.093994,0.640381
0.063477,0.399902,0.865234
-0.128662,0.22168,1.083496
-0.29248,-0.163818,1.241211
-0.414062,-0.307129,1.066162
-0.360352,-0.005859,0.881836
-0.533447,0.035889,1.009521
-0.001953,0.126221,1.098877
0.122314,0.116211,1.165771
0.176514,0.040039,1.041992
0.018799,-0.019043,1.003906
-0.141357,0.16748,1.154053
-0.415039,-0.048584,0.898682
-0.512207,-0.02002,0.884033
-0.179688,0.062988,0.968506
-0.173096,0.013916,0.956787
-0.170654,0.040283,0.959229
-0.165283,0.033203,0.951904
-0.163086,0.033936,0.964111
-0.17041,0.03833,0.954834
-0.182617,0.046387,0.972168
-0.195068,0.072021,0.95459
-0.355713,0.064697,0.852539
-0.238037,0.010742,0.7146
-0.082275,-0.282471,0.430664
0.084473,0.054932,0.941895
0.130615,0.064697,0.943359
0.047119,0.040039,0.970703
0.026611,0.009277,0.820312
-0.519775,0.128418,1.261719
-0.383057,0.078857,0.931152
-0.0979,0.344482,0.833496
-0.04834,0.127441,0.776855
-0.285889,-0.24292,1.044922
-0.376709,-0.097168,0.839844
-0.331299,0.140869,0.860107
-0.352539,-0.008057,0.924561
-0.04834,0.040039,1.167969
0.240723,0.109375,1.204834
0.249512,0.165527,0.892578
-0.007812,0.013428,0.970947
-0.161133,-0.094482,0.958984
-0.531738,0.107666,1.036377
-0.428223,0.078857,0.997559
-0.17334,0.054443,0.963135
-0.170166,0.048096,0.959229
-0.169189,0.043945,0.957275
-0.161621,0.048584,0.9646
-0.168213,0.048584,0.957275
-0.168213,0.04834,0.963379
-0.177734,0.032471,0.947266
-0.219238,0.078369,1.049072
-0.483887,0.01709,1.053955
-0.421387,-0.056641,0.856934
0.061523,0.179443,1.212402
-0.053467,0.020508,1.042969
-0.042725,0.121582,1.195068
0.300537,0.12915,0.97876
-0.172363,0.070801,1.124268
-0.769775,0.000244,1.123047
-0.47583,-0.051025,0.905518
-0.071045,0.379883,0.959717
-0.07373,0.151855,0.919434
-0.186768,-0.530273,0.69751
-0.181396,-0.05957,1.008301
-0.59668,-0.014404,0.985596
-0.227051,-0.003418,0.975342
-0.26709,-0.012939,1.232666
0.406006,0.163086,0.989502
0.184814,-0.045898,0.48291
-0.258301,-0.010986,1.232422
0.213379,0.075439,0.784424
-0.40918,0.00415,0.799561
-0.464111,0.026611,0.765869
-0.173584,-0.001465,0.937988
-0.134521,0.043701,0.950928
-0.165527,0.043457,0.95874
-0.172852,0.051758,0.955811
-0.17041,0.049805,0.953125
-0.169434,0.046875,0.95752
